Date,Narration,Withdrawal_Amt,True_Category
01/01/2025,UPI-APOLLO PHARMACIES LI-SBIPMOPAD.02PYM 125041265189-PAYMENT FROM PHONE,1748.76,Healthcare
01/01/2025,UPI-KWATRA-IBKPOS.EP842398@ICICI-ICIC000 1947-106685409177-PAYMENT FROM PHONE,4684.11,Transfers
02/01/2025,UPI-JABIR HUSAIN TAI-9316523148@YBL-SBIN 44215-410990140532-PAYMENT FROM PHONE,6315.31,Transfers
02/01/2025,UPI-KALA KUNJ KOTA-VYAPAR.825162605680@H DFCBANK-HDFC0MERUPI-573343896103-PAYMENT FROM PHONE,38170.45,Transfers
02/01/2025,UPI-EKART-EKART2.PAYU@AXISBANK-UTIB00001 00-134133391285-UPIQR,6146.61,Shopping
03/01/2025,UPI-SWIGGY-7583115322@HDFCBANK-HDFC0MERUP I-695920082840-SWIGGY FOOD,276.03,Food & Dining
03/01/2025,UPI-KALA KUNJ KOTA-VYAPAR.331689074644@H DFCBANK-HDFC0MERUPI-552438094116-PAYMENT FROM PHONE,30202.05,Transfers
03/01/2025,UPI-SWIGGY-9321181417@HDFCBANK-HDFC0MERUP I-667963455681-SWIGGY FOOD,164.98,Food & Dining
03/01/2025,UPI-EKART-EKART@YBL-YESB0YBLUPI-75639552 1843-PAYMENT FOR REFCL5,871.74,Shopping
03/01/2025,UPI-AVIRAL MITTAL-AVIRAL.23@YBL-SBIN003 0057-436162268106-PAYMENT FROM PHONE,32965.79,Transfers
03/01/2025,UPI-MAHESH KUMAR MALI-8261673754@YBL-SBI N0030057-575717854372-PAYMENT FROM PHONE,23856.37,Transfers
04/01/2025,UPI-OLA CABS-7912070660@PTYBL YESB0PTMUPI-625846834602-AUTO PAYMENT,669.31,Transport
04/01/2025,UPI-APOLLO PHARMACIES LI-SBIPMOPAD.02PYM 395967232471-PAYMENT FROM PHONE,1953.6,Healthcare
04/01/2025,UPI-JABIR HUSAIN TAI-8842043059@YBL-SBIN 31464-236557949807-PAYMENT FROM PHONE,848.13,Transfers
04/01/2025,UPI-SHAILENDRA PRAJAPAT-PAYTM.S41222@PT Y-YESB0MCHUPI-564793584573-PAYMENT FROM PHONE,15049.53,Transfers
04/01/2025,UPI-ZOMATO-PAYZOMATO@HDFCBANK-HDFC0MERUP I-192400949285-PAYMENT FROM PHONE,126.81,Food & Dining
04/01/2025,UPI-BPCL UFILL 8-PAYTMQR55676737@PAYTM-YE SB0PTMUPI-705183511743-PAYMENT FROM PHON E,1409.79,Transport
04/01/2025,UPI-ETISHA MITTAL-7788066350-2@AXL-UBIN0 282572-172380588936-PAYMENT FROM PHONE,19703.91,Transfers
05/01/2025,UPI-ZOMATO LIMITED-ZOMATOFD.PAYU@HDFCBANK K-HDFC0MERUPI-305854926466-UPIINTENT,378.6,Food & Dining
05/01/2025,UPI-ABHISHEK READYMADES-Q447652588@YBL-Y ESB0YBLUPI-997975952818-PAYMENT FROM PHO NE,900.77,Shopping
05/01/2025,UPI-RAMESH KUMAR PATIDA-SURESHSINGH71-5@O KHDFCBANK-HDFC8514622-597610575977-PAYME NT FROM PHONE,12472.91,Transfers
05/01/2025,UPI-VIJAY SHREE TRADERS-SURENDRAGOYAL16@ OKSBI-BKID0008860-781328392527-PAYMENT F ROM PHONE,33086.82,Transfers
05/01/2025,UPI-SRN PRINTERS-BHARATPE.27310245246@FB PE-FDRL0001382-727358270469-PAY TO BHARA TPE ME,2224.3,Education
05/01/2025,UPI-AVIRAL MITTAL-AVIRAL.23@YBL-SBIN003 0057-505446734169-PAYMENT FROM PHONE,5148.24,Transfers
06/01/2025,UPI-SWIGGY-8949432701@HDFCBANK-HDFC0MERUP I-495524240215-SWIGGY FOOD,404.73,Food & Dining
06/01/2025,UPI-TAKEUFORWARD-TAKEUFORWARD328596.RZP@ RXAIRTEL-AIRP0000011-909288180488-PAYMEN TTOTAKEUFORW,3057.93,Education
06/01/2025,UPI-IRCTC RAIL APP-IRCTCPGONLINE@AXL-UTI B0AXLUPI-154814579600-PAYMENT FOR 100006,1378.14,Transport
06/01/2025,UPI-KWATRA-IBKPOS.EP609446@ICICI-ICIC000 8142-146940237538-PAYMENT FROM PHONE,11497.15,Transfers
06/01/2025,UPI-KWATRA-IBKPOS.EP589565@ICICI-ICIC000 6789-196127633518-PAYMENT FROM PHONE,26851.93,Transfers
07/01/2025,UPI-UBER-8914181914@HDFCBANK HDFC0MERUPI-810235365455-RIDE PAYMENT,786.79,Transport
07/01/2025,UPI-IRCTC RAIL APP-IRCTCPGONLINE@YBL-YES B0YBLUPI-308761856551-PAYMENT FOR 100006,1273.53,Transport
07/01/2025,UPI-ABHISHEK READYMADES-Q358456060@YBL-Y ESB0YBLUPI-526249951370-PAYMENT FROM PHO NE,4200.98,Shopping
07/01/2025,UPI-APOLLO PHARMACIES LI-SBIPMOPAD.02PYM 550572690341-PAYMENT FROM PHONE,1847.34,Healthcare
08/01/2025,UPI-OLA CABS-8187198196@PTYBL YESB0PTMUPI-421422292058-AUTO PAYMENT,1126.42,Transport
08/01/2025,BBPS/BESCOM/ELECTRICITY/BILL PAY,347.1,Bills & Utilities
09/01/2025,UPI-MSBEAUX FASHION-IBKPOS.EP44271@ICIC I-ICIC0000004-864213697542-PAYMENT FROM PHONE,359.13,Shopping
09/01/2025,UPI-VIJAY SHREE TRADERS-SURENDRAGOYAL35@ OKSBI-BKID0008860-219926516569-PAYMENT F ROM PHONE,17708.15,Transfers
09/01/2025,UPI-MS KAMAL ENTERPRISES-Q498038914@YBL HDFC0MERUPI-321369389691-PAYMENT FROM PH ONE,183.16,Groceries
09/01/2025,UPI-RAVI CARPENTER-7745154850@YBL-SBIN0 92967-430919294255-PAYMENT FROM PHONE,1521.64,Transport
09/01/2025,UPI-KALA KUNJ KOTA-VYAPAR.344463025294@H DFCBANK-HDFC0MERUPI-771560865214-PAYMENT FROM PHONE,9764.82,Transfers
10/01/2025,UPI-LOCAL DHABA-PAYTMQR4010266@PTYS YESB0PTMUPI-510123144314-PAYMENT FROM PHONE,348.42,Food & Dining
10/01/2025,UPI-EKART-EKART@YBL-YESB0YBLUPI-58960582 1509-PAYMENT FOR REFCL7,7637.94,Shopping
10/01/2025,UPI-KALA KUNJ KOTA-VYAPAR.497876373708@H DFCBANK-HDFC0MERUPI-537972204672-PAYMENT FROM PHONE,8437.81,Transfers
10/01/2025,UPI-BIGBASKET-7702462350@HDFCBANK HDFC0MERUPI-706374509471-GROCERY ORDER,2259.99,Groceries
10/01/2025,UPI-RAMESH KUMAR BANJARA-KAMLESHPAT76-4@O KHDFCBANK-HDFC9663062-746267922098-PAYME NT FROM PHONE,23272.47,Transfers
10/01/2025,UPI-MAHESH KUMAR MALI-9715943183@YBL-SBI N0030057-620733174731-PAYMENT FROM PHONE,20631.3,Transfers
11/01/2025,UPI-NETFLIX COM-NETFLIXUPI.PAYU@HDFCBANK -HDFC0MERUPI-316982796045-MONTHLY AUTOPA Y. C,418.99,Food & Dining
11/01/2025,UPI-MR SIDDHARTH CHHABR-Q530771580@YBL-675401834614 YESB0YBLUPI-644506066038-PAYMENT FROM PH ONE,43775.3,Transfers
12/01/2025,UPI-SHAILENDRA PRAJAPAT-PAYTM.S26365@PT Y-YESB0MCHUPI-869288060387-PAYMENT FROM PHONE,33760.52,Transfers
12/01/2025,UPI-JABIR HUSAIN TAI-8551510388@YBL-SBIN 19208-901189782396-PAYMENT FROM PHONE,28274.51,Transfers
12/01/2025,ACH/HDFC MF/SIP/EQUITY FUND,2901.32,Investment
12/01/2025,UPI-SHAILENDRA PRAJAPAT-PAYTM.S11435@PT Y-YESB0MCHUPI-174013481364-PAYMENT FROM PHONE,21615.24,Transfers
12/01/2025,UPI-SURESH KUMAR PATIDA-KAMLESHPAT62-2@O KHDFCBANK-HDFC1208732-763972221600-PAYME NT FROM PHONE,18858.93,Transfers
13/01/2025,UPI-IRCTC RAIL APP-IRCTCPGONLINE@YBL-YES B0YBLUPI-570244158662-PAYMENT FOR 100006,1533.74,Transport
13/01/2025,UPI-BLINKIT-PAYTM-BLINKIT@PTYBL-YESB0PTM UPI-322913176760-BLINKIT PAYMENT,2040.54,Groceries
14/01/2025,UPI-BLINKIT-PAYTM-BLINKIT@PTYBL-YESB0PTM UPI-133583706503-BLINKIT PAYMENT,2838.6,Groceries
14/01/2025,UPI-ZEPTO MARKETPLACE PR-ZEPTOMARKETPLAC 629815.RZP@RXAXIS-UTIB0000RZP-185813749414 16-PAYMENT FROM PHONE,1946.34,Groceries
14/01/2025,UPI-SWIGGY-9207327924@HDFCBANK-HDFC0MERUP I-139933045298-SWIGGY FOOD,70.35,Food & Dining
14/01/2025,UPI-IRCTC RAIL APP-IRCTCPGONLINE@AXL-UTI B0AXLUPI-351210495748-PAYMENT FOR 100006,747.07,Transport
14/01/2025,UPI-GOOGLE-PLAYSTORE1.BD@AXISBANK-UTIB00 96593-823582635801-MANDATEEXECUTE,526.75,Bills & Utilities
14/01/2025,UPI-ZERODHA-9864775649@ZERODHA,2533.27,Investment
15/01/2025,UPI-BLINKIT-BLINKIT.PAYU@HDFCBANK-HDFC0M ERUPI-892212955628-UPIINTENT,501.28,Food & Dining
15/01/2025,UPI-ZEPTO MARKETPLACE PR-ZEPTOMARKETPLAC 552529.RZP@RXAXIS-UTIB0000RZP-109593381563 75-PAYMENT FROM PHONE,1708.2,Groceries
15/01/2025,UPI-BLINKIT-PAYTM-BLINKIT@PTYBL-YESB0PTM UPI-374703965767-BLINKIT PAYMENT,657.71,Groceries
15/01/2025,UPI-IRCTC RAIL APP-IRCTCPGONLINE@YBL-YES B0YBLUPI-454545442736-PAYMENT FOR 100006,1313.05,Transport
16/01/2025,UPI-ZOMATO-PAYZOMATO@HDFCBANK-HDFC0MERUP I-450019126145-PAYMENT FROM PHONE,214.01,Food & Dining
16/01/2025,UPI-CHAAYOS-7708969638@HDFCBANK HDFC0MERUPI-178171910354-PAYMENT FROM PHONE,487.95,Food & Dining
16/01/2025,UPI-MR SIDDHARTH CHHABR-Q790521986@YBL-752140707653 YESB0YBLUPI-437956727831-PAYMENT FROM PH ONE,38700.59,Transfers
16/01/2025,UPI-CHAAPS N CURRIES-Q403158570@YBL-YESB 0YBLUPI-484708998684-PAYMENT FROM PHONE,770.58,Food & Dining
16/01/2025,UPI-ZOMATO LIMITED-ZOMATOFD.PAYU@HDFCBANK K-HDFC0MERUPI-343197927387-UPIINTENT,538.68,Food & Dining
16/01/2025,UPI-CHAAPS N CURRIES-Q902043889@YBL-YESB 0YBLUPI-241169202910-PAYMENT FROM PHONE,555.87,Food & Dining
16/01/2025,UPI-RAMESH KUMAR PATIDA-RAKESHSIOTA47-4@O KHDFCBANK-HDFC6798495-150757668288-PAYME NT FROM PHONE,2955.6,Transfers
17/01/2025,UPI-EKART-EKART2.PAYU@AXISBANK-UTIB00001 00-719848514018-UPIQR,1163.37,Shopping
17/01/2025,UPI-ABHISHEK READYMADES-Q401976161@YBL-Y ESB0YBLUPI-322833338661-PAYMENT FROM PHO NE,1840.01,Shopping
17/01/2025,UPI-JABIR HUSAIN TAI-8151457273@YBL-SBIN 35814-495977165074-PAYMENT FROM PHONE,33162.22,Transfers
17/01/2025,UPI-BLINKIT-PAYTM-BLINKIT@PTYBL-YESB0PTM UPI-114790123293-BLINKIT PAYMENT,711.05,Food & Dining
17/01/2025,UPI-ZOMATO LIMITED-ZOMATOFD.PAYU@HDFCBANK K-HDFC0MERUPI-472967245548-UPIINTENT,594.95,Food & Dining
17/01/2025,UPI-GOOGLE-PLAYSTORE1.BD@AXISBANK-UTIB00 33044-670347390113-MANDATEEXECUTE,301.8,Bills & Utilities
18/01/2025,UPI-IRCTC RAIL APP-IRCTCPGONLINE@AXL-UTI B0AXLUPI-949043522054-PAYMENT FOR 100006,1196.95,Transport
18/01/2025,UPI-KAMLESH KUMAR SIOTA-SURESHSINGH62-1@O KHDFCBANK-HDFC8469966-807762974415-PAYME NT FROM PHONE,19572.48,Transfers
18/01/2025,UPI-KWATRA-IBKPOS.EP455848@ICICI-ICIC000 8344-230052655907-PAYMENT FROM PHONE,24643.57,Transfers
19/01/2025,UPI-ZOMATO LIMITED-ZOMATOFD.PAYU@HDFCBANK K-HDFC0MERUPI-733234771525-UPIINTENT,700.02,Food & Dining
19/01/2025,UPI-GOOGLE-PLAYSTORE1.BD@AXISBANK-UTIB00 87232-680952236118-MANDATEEXECUTE,551.99,Bills & Utilities
19/01/2025,UPI-ZOMATO LIMITED-ZOMATOFD.PAYU@HDFCBANK K-HDFC0MERUPI-681715768614-UPIINTENT,255.37,Food & Dining
19/01/2025,UPI-MR SIDDHARTH CHHABR-Q116507677@YBL-484402467647 YESB0YBLUPI-903801616328-PAYMENT FROM PH ONE,12510.09,Transfers
20/01/2025,UPI-JAIN DAIRY COLDRINKS-Q778079611@YBL- YESB0YBLUPI-636275212997-PAYMENT FROM PH ONE,471.26,Food & Dining
20/01/2025,UPI-UBER-8864175505@HDFCBANK HDFC0MERUPI-243557803911-RIDE PAYMENT,1426.41,Transport
20/01/2025,UPI-SURESH KUMAR SIOTA-SURESHSINGH68-5@O KHDFCBANK-HDFC1840410-243747394669-PAYME NT FROM PHONE,14231.85,Transfers
20/01/2025,UPI-KALA KUNJ KOTA-VYAPAR.833493851803@H DFCBANK-HDFC0MERUPI-918293211782-PAYMENT FROM PHONE,17439.08,Transfers
21/01/2025,UPI-MEESHO TECHNOLOGIES -MEESHOONLINEPG@ AXL-UTIB0AXLUPI-845093237452-UPI INTENT,4373.66,Shopping
21/01/2025,UPI-AVIRAL MITTAL-AVIRAL.23@YBL-SBIN003 0057-481651216494-PAYMENT FROM PHONE,27754.72,Transfers
21/01/2025,UPI-SWIGGY-8482692334@HDFCBANK-HDFC0MERUP I-917654622055-SWIGGY FOOD,758.75,Food & Dining
21/01/2025,UPI-IRCTC RAIL APP-IRCTCPGONLINE@AXL-UTI B0AXLUPI-383205310614-PAYMENT FOR 100006,166.39,Transport
22/01/2025,UPI-BIGBASKET-9177059542@HDFCBANK HDFC0MERUPI-693192716193-GROCERY ORDER,108.48,Groceries
22/01/2025,UPI-JABIR HUSAIN TAI-9724154098@YBL-SBIN 49672-364222302779-PAYMENT FROM PHONE,14112.02,Transfers
22/01/2025,UPI-KALA KUNJ KOTA-VYAPAR.369347602163@H DFCBANK-HDFC0MERUPI-684077459710-PAYMENT FROM PHONE,32735.84,Transfers
22/01/2025,UPI-VIJAY SHREE TRADERS-SURENDRAGOYAL73@ OKSBI-BKID0008860-456967186721-PAYMENT F ROM PHONE,42141.19,Transfers
22/01/2025,ACH/ICICI BANK/EMI/PERSONAL LOAN,16115.35,EMI & Loans
22/01/2025,UPI-UBER-7580932928@HDFCBANK HDFC0MERUPI-747921288073-RIDE PAYMENT,1898.54,Transport
22/01/2025,UPI-JABIR HUSAIN TAI-9848378098@YBL-SBIN 95215-192996023695-PAYMENT FROM PHONE,38744.23,Transfers
22/01/2025,ACH/SBI MF/SIP/BLUECHIP FUND,2660.16,Investment
23/01/2025,UPI-BLINKIT-BLINKIT.PAYU@HDFCBANK-HDFC0M ERUPI-126048667824-UPIINTENT,286.05,Food & Dining
23/01/2025,ACH/JIO/RECHARGE/4G PLAN,956.19,Bills & Utilities
24/01/2025,UPI-CHAAPS N CURRIES-Q178778120@YBL-YESB 0YBLUPI-306758488056-PAYMENT FROM PHONE,590.35,Food & Dining
24/01/2025,UPI-BIGBASKET-8851109119@HDFCBANK HDFC0MERUPI-962081140185-GROCERY ORDER,557.2,Groceries
24/01/2025,UPI-TAKEUFORWARD-TAKEUFORWARD952606.RZP@ RXAIRTEL-AIRP0000011-708046307102-PAYMEN TTOTAKEUFORW,3273.85,Education
24/01/2025,UPI-JABIR HUSAIN TAI-8777162066@YBL-SBIN 92181-498100421978-PAYMENT FROM PHONE,30309.29,Transfers
24/01/2025,UPI-GOOGLE-PLAYSTORE1.BD@AXISBANK-UTIB00 17308-409406035166-MANDATEEXECUTE,1750.52,Bills & Utilities
24/01/2025,UPI-AVIRAL MITTAL-AVIRAL.23@YBL-SBIN003 0057-775687451501-PAYMENT FROM PHONE,17168.77,Transfers
24/01/2025,NACH/BAJAJ FINANCE/EMI DEBIT,13013.2,EMI & Loans
25/01/2025,UPI-ZOMATO LIMITED-ZOMATOFD.PAYU@HDFCBANK K-HDFC0MERUPI-911476766635-UPIINTENT,576.91,Food & Dining
25/01/2025,UPI-ZERODHA-9667519814@ZERODHA,5609.09,Investment
25/01/2025,UPI-BLINKIT-BLINKIT.PAYU@HDFCBANK-HDFC0M ERUPI-873399821246-UPIINTENT,451.41,Food & Dining
25/01/2025,UPI-BIGBASKET-8707214327@HDFCBANK HDFC0MERUPI-882343397285-GROCERY ORDER,1631.78,Groceries
25/01/2025,UPI-MAHESH KUMAR MALI-8690756611@YBL-SBI N0030057-166744787863-PAYMENT FROM PHONE,8420.09,Transfers
26/01/2025,UPI-OLA CABS-8229694480@PTYBL YESB0PTMUPI-708345163596-AUTO PAYMENT,961.44,Transport
26/01/2025,UPI-UBER-7561997503@HDFCBANK HDFC0MERUPI-702306379099-RIDE PAYMENT,1647.34,Transport
26/01/2025,UPI-AIRTEL RECHARGE-AIRTELPREDIRECT2@AXL -UTIB0AXLUPI-994146253045-PAYMENT FROM P HONE,1759.57,Bills & Utilities
27/01/2025,UPI-CHAAPS N CURRIES-Q760293573@YBL-YESB 0YBLUPI-179149342593-PAYMENT FROM PHONE,207.68,Food & Dining
27/01/2025,UPI-APOLLO PHARMACIES LI-SBIPMOPAD.02PYM 351090489373-PAYMENT FROM PHONE,1516.25,Healthcare
27/01/2025,UPI-MR SIDDHARTH CHHABR-Q978359493@YBL-423441522318 YESB0YBLUPI-571492525983-PAYMENT FROM PH ONE,37969.52,Transfers
27/01/2025,UPI-APOLLO PHARMACIES LI-SBIPMOPAD.02PYM 357871099369-PAYMENT FROM PHONE,1651.82,Healthcare
28/01/2025,UPI-JAIN DAIRY COLDRINKS-Q888362738@YBL- YESB0YBLUPI-621662952570-PAYMENT FROM PH ONE,518.67,Food & Dining
28/01/2025,UPI-ZEPTO MARKETPLACE PR-ZEPTO.PAYU@AXIS BANK-UTIB0000100-245371111679-PAYMENT FR OM PHONE,1080.59,Groceries
28/01/2025,UPI-BLINKIT-BLINKIT.PAYU@HDFCBANK-HDFC0M ERUPI-226252965739-UPIINTENT,84.07,Food & Dining
28/01/2025,UPI-IRCTC RAIL APP-IRCTCPGONLINE@AXL-UTI B0AXLUPI-939679249000-PAYMENT FOR 100006,1696.28,Transport
01/03/2025,UPI-NETFLIX COM-NETFLIXUPI.PAYU@HDFCBANK -HDFC0MERUPI-733019122443-MONTHLY AUTOPA Y. C,546.75,Food & Dining
02/03/2025,UPI-SWIGGY-8026308342@HDFCBANK-HDFC0MERUP I-685406141673-SWIGGY FOOD,129.8,Food & Dining
02/03/2025,UPI-IRCTC RAIL APP-IRCTCPGONLINE@YBL-YES B0YBLUPI-113364659649-PAYMENT FOR 100006,242.62,Transport
02/03/2025,UPI-FLIPKART PAYMENTS-PAYTM-73693464@PTY BL-YESB0PTMUPI-344090490684-PAYMENT FROM PHONE,5610.29,Shopping
03/03/2025,UPI-SWIGGY-9852159305@HDFCBANK-HDFC0MERUP I-686948885151-SWIGGY FOOD,129.37,Food & Dining
03/03/2025,UPI-BLINKIT-PAYTM-BLINKIT@PTYBL-YESB0PTM UPI-518261141402-BLINKIT PAYMENT,530.22,Food & Dining
03/03/2025,UPI-MS KAMAL ENTERPRISES-Q180881637@YBL BARB0INDKAT-769315587223-PAYMENT FROM PH ONE,1769.69,Groceries
03/03/2025,UPI-KALA KUNJ KOTA-VYAPAR.155807589653@H DFCBANK-HDFC0MERUPI-992083415970-PAYMENT FROM PHONE,11177.06,Transfers
03/03/2025,ACH/SBI MF/SIP/BLUECHIP FUND,6358.89,Investment
03/03/2025,ACH/ICICI BANK/EMI/PERSONAL LOAN,16238.38,EMI & Loans
04/03/2025,UPI-LOCAL DHABA-PAYTMQR5509336@PTYS YESB0PTMUPI-940990823231-PAYMENT FROM PHONE,671.92,Food & Dining
04/03/2025,UPI-SAMRIYA KIRANA STORE-VYAPAR.97751303 2694@HDFCBANK-HDFC0MERUPI-230141624009-P AYMENT FROM PHONE,2812.42,Groceries
05/03/2025,UPI-BPCL UFILL 1-PAYTMQR55400464@PAYTM-YE SB0PTMUPI-327263999349-PAYMENT FROM PHON E,1713.26,Transport
05/03/2025,UPI-KALA KUNJ KOTA-VYAPAR.937024173932@H DFCBANK-HDFC0MERUPI-603420599061-PAYMENT FROM PHONE,31620.88,Transfers
06/03/2025,UPI-EKART-EKART@YBL-YESB0YBLUPI-67741078 3371-PAYMENT FOR REFCL5,6702.11,Shopping
06/03/2025,UPI-AVIRAL MITTAL-AVIRAL.23@YBL-SBIN003 0057-624244833350-PAYMENT FROM PHONE,27513.61,Transfers
08/03/2025,UPI-BLINKIT-BLINKIT.PAYU@HDFCBANK-HDFC0M ERUPI-864010160494-UPIINTENT,469.74,Food & Dining
09/03/2025,UPI-MR SIDDHARTH CHHABR-Q301669839@YBL-104277657699 YESB0YBLUPI-389141786852-PAYMENT FROM PH ONE,7221.31,Transfers
10/03/2025,UPI-AVIRAL MITTAL-AVIRAL.23@YBL-SBIN003 0057-384962788989-PAYMENT FROM PHONE,20819.69,Transfers
10/03/2025,UPI-AVIRAL MITTAL-AVIRAL.23@YBL-SBIN003 0057-308803454163-PAYMENT FROM PHONE,36161.7,Transfers
11/03/2025,UPI-ZOMATO LIMITED-ZOMATOFD.PAYU@HDFCBANK K-HDFC0MERUPI-602545621527-UPIINTENT,712.69,Food & Dining
11/03/2025,UPI-BIGBASKET-9025430362@HDFCBANK HDFC0MERUPI-477258309689-GROCERY ORDER,717.21,Groceries
11/03/2025,UPI-IRCTC RAIL APP-IRCTCPGONLINE@YBL-YES B0YBLUPI-270256601329-PAYMENT FOR 100006,661.58,Transport
11/03/2025,UPI-TAKEUFORWARD-TAKEUFORWARD805384.RZP@ RXAIRTEL-AIRP0000011-122998039080-PAYMEN TTOTAKEUFORW,1759.34,Education
13/03/2025,UPI-ZERODHA-8083324753@ZERODHA,1446.47,Investment
14/03/2025,UPI-ZOMATO LIMITED-ZOMATOFD.PAYU@HDFCBANK K-HDFC0MERUPI-696604358256-UPIINTENT,140.47,Food & Dining
14/03/2025,UPI-SWIGGY-9403327209@HDFCBANK-HDFC0MERUP I-531873804073-SWIGGY FOOD,514.27,Food & Dining
14/03/2025,UPI-NETFLIX COM-NETFLIXUPI.PAYU@HDFCBANK -HDFC0MERUPI-741996848480-MONTHLY AUTOPA Y. C,523.29,Food & Dining
14/03/2025,UPI-IRCTC RAIL APP-IRCTCPGONLINE@AXL-UTI B0AXLUPI-513747133072-PAYMENT FOR 100006,1243.78,Transport
14/03/2025,UPI-MR SIDDHARTH CHHABR-Q985704776@YBL-567030081901 YESB0YBLUPI-751763986220-PAYMENT FROM PH ONE,27101.55,Transfers
14/03/2025,UPI-RAKESH KUMAR PATIDA-SURESHSINGH61-5@O KHDFCBANK-HDFC9231362-283032373631-PAYME NT FROM PHONE,41310.24,Transfers
14/03/2025,UPI-MR SIDDHARTH CHHABR-Q164439759@YBL-579587947480 YESB0YBLUPI-356316691548-PAYMENT FROM PH ONE,2720.47,Transfers
15/03/2025,UPI-JAIN DAIRY COLDRINKS-Q532679505@YBL- YESB0YBLUPI-270317354052-PAYMENT FROM PH ONE,690.61,Food & Dining
16/03/2025,UPI-OLA CABS-8907758077@PTYBL YESB0PTMUPI-836776580490-AUTO PAYMENT,1945.84,Transport
16/03/2025,UPI-OLA CABS-8668468694@PTYBL YESB0PTMUPI-935790339387-AUTO PAYMENT,277.4,Transport
16/03/2025,UPI-APOLLO PHARMACIES LI-SBIPMOPAD.02PYM 614546432901-PAYMENT FROM PHONE,953.43,Healthcare
17/03/2025,UPI-NETFLIX COM-NETFLIXUPI.PAYU@HDFCBANK -HDFC0MERUPI-108909814033-MONTHLY AUTOPA Y. C,123.86,Food & Dining
17/03/2025,UPI-KALA KUNJ KOTA-VYAPAR.512905480770@H DFCBANK-HDFC0MERUPI-190947900732-PAYMENT FROM PHONE,6940.11,Shopping
17/03/2025,UPI-MAHESH KUMAR MALI-9465881819@YBL-SBI N0030057-375759689348-PAYMENT FROM PHONE,24165.45,Transfers
18/03/2025,UPI-VIJAY SHREE TRADERS-SURENDRAGOYAL19@ OKSBI-BKID0008860-549571144995-PAYMENT F ROM PHONE,7547.05,Transfers
18/03/2025,UPI-JABIR HUSAIN TAI-9755021595@YBL-SBIN 46345-284595722272-PAYMENT FROM PHONE,32256.0,Transfers
19/03/2025,UPI-OLA CABS-8055950326@PTYBL YESB0PTMUPI-795605498103-AUTO PAYMENT,245.32,Transport
19/03/2025,UPI-DELHI WATCH ELECTR-GPAY-1475450390 88@OKBIZAXIS-UTIB0000553-186050824192-PAY MENT FROM PHONE,342.73,Shopping
19/03/2025,UPI-MEESHO TECHNOLOGIES -MEESHOONLINEPG@ AXL-UTIB0AXLUPI-697602542502-UPI INTENT,168.79,Shopping
19/03/2025,UPI-GOOGLE-PLAYSTORE1.BD@AXISBANK-UTIB00 93556-293160750391-MANDATEEXECUTE,1133.46,Bills & Utilities
19/03/2025,UPI-AIRTEL RECHARGE-AIRTELPREDIRECT1@YBL -YESB0YBLUPI-665659602426-PAYMENT FROM P HONE,1969.14,Bills & Utilities
19/03/2025,UPI-JABIR HUSAIN TAI-8694573834@YBL-SBIN 53853-677394840097-PAYMENT FROM PHONE,10740.33,Transfers
20/03/2025,UPI-BLINKIT-PAYTM-BLINKIT@PTYBL-YESB0PTM UPI-376120950355-BLINKIT PAYMENT,628.39,Food & Dining
20/03/2025,BBPS/BESCOM/ELECTRICITY/BILL PAY,403.48,Bills & Utilities
21/03/2025,UPI-M S SUPREME TRANSPOR-SUPREMETRANSPOR T290-3@OKICICI-ICIC3758552-963616367488- PAYMENT FROM PHONE,57.49,Transport
21/03/2025,BBPS/BESCOM/ELECTRICITY/BILL PAY,247.85,Bills & Utilities
21/03/2025,UPI-SURESH KUMAR SIOTA-RAKESHSIOTA82-1@O KHDFCBANK-HDFC9035675-100565824362-PAYME NT FROM PHONE,30474.74,Transfers
22/03/2025,UPI-SWIGGY-7569366690@HDFCBANK-HDFC0MERUP I-562988908301-SWIGGY FOOD,82.45,Food & Dining
22/03/2025,UPI-ZEPTO MARKETPLACE PR-ZEPTO.PAYU@AXIS BANK-UTIB0000100-193921750086-PAYMENT FR OM PHONE,174.85,Groceries
22/03/2025,UPI-BIGBASKET-9815168068@HDFCBANK HDFC0MERUPI-672984828762-GROCERY ORDER,1693.49,Groceries
22/03/2025,UPI-UBER-9887485440@HDFCBANK HDFC0MERUPI-493921566106-RIDE PAYMENT,1099.51,Transport
23/03/2025,UPI-SWIGGY-9297066171@HDFCBANK-HDFC0MERUP I-405860520628-SWIGGY FOOD,486.46,Food & Dining
23/03/2025,UPI-JAI APPARELS-GPAY-86529360309@OKBIZA XIS-UTIB0000553-919211126131-PAYMENT FRO M PHONE,6117.25,Shopping
23/03/2025,UPI-RAJ MEDICAL STORES-GPAY-25390509991@ OKBIZAXIS-UTIB0000553-715997426884-PAYME NT FROM PHONE,1316.89,Healthcare
24/03/2025,UPI-CHAAPS N CURRIES-Q180157099@YBL-YESB 0YBLUPI-133460644707-PAYMENT FROM PHONE,629.38,Food & Dining
24/03/2025,UPI-VIJAY JUICE POINT-PAYTM.S28559@PTY- YESB0MCHUPI-580204247495-PAYMENT FROM PH ONE,642.49,Food & Dining
24/03/2025,UPI-SHREERAM STATIONERY -Q23442401@YBL-B KID3239463-146696512273-PAYMENT FROM PHO NE,2556.85,Education
25/03/2025,UPI-RAJ MEDICAL STORES-GPAY-24109151717@ OKBIZAXIS-UTIB0000553-896180305257-PAYME NT FROM PHONE,1569.01,Healthcare
25/03/2025,UPI-KWATRA-IBKPOS.EP766384@ICICI-ICIC000 9491-648976945425-PAYMENT FROM PHONE,4662.8,Transfers
25/03/2025,UPI-KALA KUNJ KOTA-VYAPAR.134296762265@H DFCBANK-HDFC0MERUPI-445651507669-PAYMENT FROM PHONE,29418.17,Transfers
26/03/2025,UPI-BPCL UFILL 5-PAYTMQR16647061@PAYTM-YE SB0PTMUPI-889836775834-PAYMENT FROM PHON E,1017.45,Transport
26/03/2025,UPI-UBER-8517660840@HDFCBANK HDFC0MERUPI-428406850353-RIDE PAYMENT,1388.32,Transport
26/03/2025,UPI-VIJAY SHREE TRADERS-SURENDRAGOYAL31@ OKSBI-BKID0008860-752142888325-PAYMENT F ROM PHONE,38640.11,Transfers
27/03/2025,UPI-SAMRIYA KIRANA STORE-VYAPAR.31368176 6036@HDFCBANK-HDFC0MERUPI-689561612163-P AYMENT FROM PHONE,636.05,Groceries
27/03/2025,UPI-IRCTC RAIL APP-IRCTCPGONLINE@YBL-YES B0YBLUPI-607276328730-PAYMENT FOR 100006,244.62,Transport
27/03/2025,UPI-SHAILENDRA PRAJAPAT-PAYTM.S96411@PT Y-YESB0MCHUPI-692701975943-PAYMENT FROM PHONE,24564.2,Transfers
27/03/2025,UPI-MAHESH KUMAR MALI-7641113193@YBL-SBI N0030057-729322226170-PAYMENT FROM PHONE,735.96,Transfers
28/03/2025,UPI-JABIR HUSAIN TAI-9029394129@YBL-SBIN 43822-891867646035-PAYMENT FROM PHONE,29151.98,Transfers
28/03/2025,UPI-AVIRAL MITTAL-AVIRAL.23@YBL-SBIN003 0057-571060122773-PAYMENT FROM PHONE,5464.86,Transfers
01/04/2025,UPI-ZOMATO LIMITED-ZOMATOFD.PAYU@HDFCBANK K-HDFC0MERUPI-384128602669-UPIINTENT,53.44,Food & Dining
01/04/2025,UPI-RAJ MEDICAL STORES-GPAY-69271277972@ OKBIZAXIS-UTIB0000553-901139848962-PAYME NT FROM PHONE,1096.77,Healthcare
01/04/2025,ACH/ICICI BANK/EMI/PERSONAL LOAN,9527.97,EMI & Loans
02/04/2025,UPI-ZEPTO MARKETPLACE PR-ZEPTOMARKETPLAC 941322.RZP@RXAXIS-UTIB0000RZP-405830942095 72-PAYMENT FROM PHONE,794.03,Groceries
02/04/2025,ACH/JIO/RECHARGE/4G PLAN,1021.64,Bills & Utilities
03/04/2025,UPI-MEESHO TECHNOLOGIES -MEESHOONLINEPG@ AXL-UTIB0AXLUPI-434949480963-UPI INTENT,6522.82,Shopping
03/04/2025,UPI-VIJAY SHREE TRADERS-SURENDRAGOYAL88@ OKSBI-BKID0008860-143182863109-PAYMENT F ROM PHONE,6134.84,Transfers
04/04/2025,UPI-SWIGGY-8057109543@HDFCBANK-HDFC0MERUP I-659766629666-SWIGGY FOOD,319.19,Food & Dining
04/04/2025,UPI-CHAAYOS-8095427514@HDFCBANK HDFC0MERUPI-943110898068-PAYMENT FROM PHONE,339.57,Food & Dining
04/04/2025,UPI-MAHESH KUMAR MALI-8492475338@YBL-SBI N0030057-671232762150-PAYMENT FROM PHONE,16268.83,Transfers
05/04/2025,UPI-BLINKIT-BLINKIT.PAYU@HDFCBANK-HDFC0M ERUPI-525667495636-UPIINTENT,126.46,Food & Dining
05/04/2025,UPI-IRCTC RAIL APP-IRCTCPGONLINE@AXL-UTI B0AXLUPI-106255225009-PAYMENT FOR 100006,1656.39,Transport
05/04/2025,UPI-AMAZON PAY-8102762302@AMAZON UTIB0000100-942035312738-ORDER PAYMENT,6226.68,Shopping
05/04/2025,UPI-ETISHA MITTAL-9332318987-4@AXL-UBIN0 637646-333733104124-PAYMENT FROM PHONE,19436.24,Transfers
06/04/2025,UPI-DELHI WATCH ELECTR-GPAY-5752861317 23@OKBIZAXIS-UTIB0000553-543554516766-PAY MENT FROM PHONE,3163.43,Shopping
06/04/2025,UPI-EKART-EKART2.PAYU@AXISBANK-UTIB00001 00-716418450904-UPIQR,236.74,Shopping
06/04/2025,UPI-JABIR HUSAIN TAI-7161554265@YBL-SBIN 29291-317576701274-PAYMENT FROM PHONE,29441.46,Transfers
07/04/2025,UPI-BLINKIT-PAYTM-BLINKIT@PTYBL-YESB0PTM UPI-250278225037-BLINKIT PAYMENT,382.27,Food & Dining
07/04/2025,UPI-BIGBASKET-8955815259@HDFCBANK HDFC0MERUPI-776059953530-GROCERY ORDER,2356.28,Groceries
07/04/2025,UPI-IRCTC RAIL APP-IRCTCPGONLINE@AXL-UTI B0AXLUPI-168458409347-PAYMENT FOR 100006,1737.05,Transport
08/04/2025,UPI-ETISHA MITTAL-8001841096-1@AXL-UBIN0 252806-226074857013-PAYMENT FROM PHONE,1930.04,Transfers
09/04/2025,UPI-BLINKIT-PAYTM-BLINKIT@PTYBL-YESB0PTM UPI-535835095633-BLINKIT PAYMENT,213.6,Food & Dining
09/04/2025,UPI-UBER-9610531051@HDFCBANK HDFC0MERUPI-697948017186-RIDE PAYMENT,1652.92,Transport
10/04/2025,UPI-SHAILENDRA PRAJAPAT-PAYTM.S28249@PT Y-YESB0MCHUPI-191863849977-PAYMENT FROM PHONE,13997.49,Transfers
10/04/2025,UPI-ZERODHA-9490670634@ZERODHA,8804.75,Investment
11/04/2025,UPI-JAI APPARELS-GPAY-36177187579@OKBIZA XIS-UTIB0000553-582508640239-PAYMENT FRO M PHONE,6990.01,Shopping
13/04/2025,UPI-FLIPKART PAYMENTS-PAYTM-84811281@PTY BL-YESB0PTMUPI-831502898750-EXPRESS,7928.97,Shopping
14/04/2025,UPI-IRCTC RAIL APP-IRCTCPGONLINE@YBL-YES B0YBLUPI-884806018775-PAYMENT FOR 100006,1638.66,Transport
14/04/2025,UPI-BPCL UFILL 7-PAYTMQR23789566@PAYTM-YE SB0PTMUPI-929571145741-PAYMENT FROM PHON E,490.05,Transport
14/04/2025,UPI-JABIR HUSAIN TAI-8459909729@YBL-SBIN 80017-107139805111-PAYMENT FROM PHONE,30577.23,Transfers
15/04/2025,UPI-AIRTEL RECHARGE-AIRTELPREDIRECT3@AXL -UTIB0AXLUPI-634658806175-PAYMENT FROM P HONE,1502.69,Bills & Utilities
16/04/2025,UPI-BLINKIT-BLINKIT.PAYU@HDFCBANK-HDFC0M ERUPI-759470296249-UPIINTENT,709.37,Food & Dining
16/04/2025,UPI-BLINKIT-PAYTM-BLINKIT@PTYBL-YESB0PTM UPI-140889838483-BLINKIT PAYMENT,779.48,Food & Dining
16/04/2025,UPI-IRCTC RAIL APP-IRCTCPGONLINE@AXL-UTI B0AXLUPI-314992196718-PAYMENT FOR 100006,1003.36,Transport
16/04/2025,ACH/PPFAS MF/SIP/FLEXI CAP,3420.59,Investment
17/04/2025,UPI-JAIN DAIRY COLDRINKS-Q821949978@YBL- YESB0YBLUPI-243608117561-PAYMENT FROM PH ONE,743.45,Food & Dining
17/04/2025,UPI-NETFLIX COM-NETFLIXUPI.PAYU@HDFCBANK -HDFC0MERUPI-616812830588-MONTHLY AUTOPA Y. C,660.71,Food & Dining
18/04/2025,UPI-SAMRIYA KIRANA STORE-VYAPAR.59679944 1466@HDFCBANK-HDFC0MERUPI-403207201455-P AYMENT FROM PHONE,1625.83,Groceries
18/04/2025,UPI-KALA KUNJ KOTA-VYAPAR.950600154584@H DFCBANK-HDFC0MERUPI-417888935940-PAYMENT FROM PHONE,24617.69,Transfers
18/04/2025,UPI-SURESH KUMAR BANJARA-RAKESHSIOTA14-4@O KHDFCBANK-HDFC3300482-973565522844-PAYME NT FROM PHONE,14002.97,Transfers
19/04/2025,UPI-SWIGGY-9583392823@HDFCBANK-HDFC0MERUP I-247381576463-SWIGGY FOOD,398.4,Food & Dining
20/04/2025,UPI-OM NAMKEEN AND SNACK-Q505729925@YBL- UTIB0000553-822661273277-PAYMENT FROM PH ONE,415.75,Food & Dining
20/04/2025,UPI-ZEPTO MARKETPLACE PR-ZEPTO.PAYU@AXIS BANK-UTIB0000100-229942912005-PAYMENT FR OM PHONE,705.88,Groceries
21/04/2025,UPI-OM NAMKEEN AND SNACK-Q510957343@YBL- HDFC0MERUPI-482741347697-PAYMENT FROM PH ONE,670.73,Food & Dining
21/04/2025,UPI-ZEPTO MARKETPLACE PR-ZEPTOMARKETPLAC 375889.RZP@RXAXIS-UTIB0000RZP-628947836985 10-PAYMENT FROM PHONE,1431.21,Groceries
21/04/2025,UPI-UBER-8721823801@HDFCBANK HDFC0MERUPI-675157890866-RIDE PAYMENT,146.84,Transport
21/04/2025,UPI-APOLLO PHARMACIES LI-SBIPMOPAD.02PYM 431623405012-PAYMENT FROM PHONE,1757.66,Healthcare
22/04/2025,UPI-ZOMATO-PAYZOMATO@HDFCBANK-HDFC0MERUP I-232381059371-PAYMENT FROM PHONE,361.47,Food & Dining
22/04/2025,UPI-AIRTEL RECHARGE-AIRTELPREDIRECT1@AXL -UTIB0AXLUPI-651162137185-PAYMENT FROM P HONE,1090.33,Bills & Utilities
22/04/2025,UPI-SHAILENDRA PRAJAPAT-PAYTM.S49647@PT Y-YESB0MCHUPI-610322660900-PAYMENT FROM PHONE,36750.65,Transfers
22/04/2025,UPI-MR SIDDHARTH CHHABR-Q248079516@YBL-804793682482 YESB0YBLUPI-576784287875-PAYMENT FROM PH ONE,4544.22,Transfers
23/04/2025,UPI-TAKEUFORWARD-TAKEUFORWARD351915.RZP@ RXAIRTEL-AIRP0000011-726029694549-PAYMEN TTOTAKEUFORW,4236.91,Education
23/04/2025,UPI-KAMLESH KUMAR SIOTA-KAMLESHPAT37-5@O KHDFCBANK-HDFC9450699-874433410310-PAYME NT FROM PHONE,19468.66,Transfers
24/04/2025,UPI-OLA CABS-8897562766@PTYBL YESB0PTMUPI-691976696253-AUTO PAYMENT,444.66,Transport
24/04/2025,UPI-BPCL UFILL 8-PAYTMQR80316551@PAYTM-YE SB0PTMUPI-841656655822-PAYMENT FROM PHON E,1826.27,Transport
25/04/2025,UPI-ZOMATO LIMITED-ZOMATOFD.PAYU@HDFCBANK K-HDFC0MERUPI-297891091779-UPIINTENT,309.13,Food & Dining
25/04/2025,UPI-ZEPTO MARKETPLACE PR-ZEPTOMARKETPLAC 575097.RZP@RXAXIS-UTIB0000RZP-800204879433 99-PAYMENT FROM PHONE,2536.14,Groceries
26/04/2025,UPI-VIJAY SHREE TRADERS-SURENDRAGOYAL26@ OKSBI-BKID0008860-962200040067-PAYMENT F ROM PHONE,37579.49,Transfers
28/04/2025,UPI-FLIPKART PAYMENTS-PAYTM-89988250@PTY BL-YESB0PTMUPI-855458208774-PAYMENT FROM PHONE,331.8,Shopping
28/04/2025,BBPS/BESCOM/ELECTRICITY/BILL PAY,972.83,Bills & Utilities
28/04/2025,UPI-JABIR HUSAIN TAI-7497710260@YBL-SBIN 93542-342261441403-PAYMENT FROM PHONE,42385.77,Transfers
01/05/2025,UPI-ZEPTO MARKETPLACE PR-ZEPTOMARKETPLAC 148913.RZP@RXAXIS-UTIB0000RZP-669228760324 76-PAYMENT FROM PHONE,2084.08,Groceries
01/05/2025,UPI-IRCTC RAIL APP-IRCTCPGONLINE@AXL-UTI B0AXLUPI-182651964577-PAYMENT FOR 100006,1740.05,Transport
01/05/2025,UPI-MEESHO TECHNOLOGIES -MEESHOONLINEPG@ AXL-UTIB0AXLUPI-466447880369-UPI INTENT,6970.35,Shopping
01/05/2025,UPI-KWATRA-IBKPOS.EP354561@ICICI-ICIC000 3766-328108348325-PAYMENT FROM PHONE,1390.81,Transfers
01/05/2025,UPI-ZOMATO LIMITED-ZOMATOFD.PAYU@HDFCBANK K-HDFC0MERUPI-550817206062-UPIINTENT,622.18,Food & Dining
02/05/2025,UPI-AIRTEL RECHARGE-AIRTELPREDIRECT1@YBL -YESB0YBLUPI-234228394959-PAYMENT FROM P HONE,1735.98,Bills & Utilities
02/05/2025,UPI-MR SIDDHARTH CHHABR-Q996827744@YBL-808758912088 YESB0YBLUPI-854777368089-PAYMENT FROM PH ONE,8361.29,Transfers
02/05/2025,UPI-VIJAY JUICE POINT-PAYTM.S80669@PTY- YESB0MCHUPI-534707637191-PAYMENT FROM PH ONE,611.62,Food & Dining
03/05/2025,UPI-OLA CABS-9111054308@PTYBL YESB0PTMUPI-304612248477-AUTO PAYMENT,290.74,Transport
03/05/2025,UPI-ETISHA MITTAL-9990673004-4@AXL-UBIN0 532709-879781483494-PAYMENT FROM PHONE,34854.33,Transfers
03/05/2025,UPI-SHAILENDRA PRAJAPAT-PAYTM.S35534@PT Y-YESB0MCHUPI-278592115706-PAYMENT FROM PHONE,11781.79,Transfers
03/05/2025,UPI-MR SIDDHARTH CHHABR-Q401534802@YBL-875799510441 YESB0YBLUPI-804690233041-PAYMENT FROM PH ONE,33379.96,Transfers
03/05/2025,UPI-BLINKIT-BLINKIT.PAYU@HDFCBANK-HDFC0M ERUPI-853548439783-UPIINTENT,313.68,Food & Dining
03/05/2025,UPI-TAKEUFORWARD-TAKEUFORWARD221865.RZP@ RXAIRTEL-AIRP0000011-613275894069-PAYMEN TTOTAKEUFORW,2965.18,Education
03/05/2025,UPI-JABIR HUSAIN TAI-7546524824@YBL-SBIN 28675-505187562910-PAYMENT FROM PHONE,6273.55,Transfers
03/05/2025,UPI-KALA KUNJ KOTA-VYAPAR.638930252908@H DFCBANK-HDFC0MERUPI-977241645637-PAYMENT FROM PHONE,20777.18,Transfers
04/05/2025,UPI-NETFLIX COM-NETFLIXUPI.PAYU@HDFCBANK -HDFC0MERUPI-201192300309-MONTHLY AUTOPA Y. C,754.73,Food & Dining
04/05/2025,UPI-IRCTC RAIL APP-IRCTCPGONLINE@YBL-YES B0YBLUPI-964003323573-PAYMENT FOR 100006,176.31,Transport
04/05/2025,UPI-MEESHO TECHNOLOGIES -MEESHOONLINEPG@ AXL-UTIB0AXLUPI-830851131815-UPI INTENT,1699.87,Shopping
04/05/2025,UPI-MSBHUMI JUNCTION NX-EAZYPAY.ZKIAW81A 9SND4LR@ICICI-ICIC0DC0099-320045484201-P AYMENT FROM PHONE,1088.8,Bills & Utilities
04/05/2025,UPI-RAKSHA NYATI-Q373954635@YBL-YESB0YBL UPI-524413742633-PAYMENT FROM PHONE,671.08,Healthcare
04/05/2025,UPI-AVIRAL MITTAL-AVIRAL.23@YBL-SBIN003 0057-531425718658-PAYMENT FROM PHONE,31440.52,Transfers
04/05/2025,ACH/SBI MF/SIP/BLUECHIP FUND,9899.98,Investment
04/05/2025,UPI-ZOMATO-PAYZOMATO@HDFCBANK-HDFC0MERUP I-228731201987-PAYMENT FROM PHONE,375.73,Food & Dining
04/05/2025,UPI-DELHI WATCH ELECTR-GPAY-1643078586 62@OKBIZAXIS-UTIB0000553-203847523590-PAY MENT FROM PHONE,5970.88,Shopping
04/05/2025,UPI-SHREERAM STATIONERY -Q55974777@YBL-B KID9565613-547117719391-PAYMENT FROM PHO NE,3490.66,Education
04/05/2025,UPI-SHAILENDRA PRAJAPAT-PAYTM.S91135@PT Y-YESB0MCHUPI-718496499110-PAYMENT FROM PHONE,2450.91,Transfers
04/05/2025,UPI-MAHESH KUMAR MALI-8610169362@YBL-SBI N0030057-495258178786-PAYMENT FROM PHONE,6546.06,Transfers
05/05/2025,UPI-BLINKIT-PAYTM-BLINKIT@PTYBL-YESB0PTM UPI-368279175696-BLINKIT PAYMENT,309.76,Food & Dining
05/05/2025,UPI-BLINKIT-PAYTM-BLINKIT@PTYBL-YESB0PTM UPI-212794453775-BLINKIT PAYMENT,695.31,Food & Dining
05/05/2025,UPI-IRCTC RAIL APP-IRCTCPGONLINE@AXL-UTI B0AXLUPI-293705955940-PAYMENT FOR 100006,1361.84,Transport
05/05/2025,UPI-OM NAMKEEN AND SNACK-Q357303601@YBL- BARB0INDKAT-702961944769-PAYMENT FROM PH ONE,795.11,Food & Dining
05/05/2025,UPI-ZEPTO MARKETPLACE PR-ZEPTOMARKETPLAC 337642.RZP@RXAXIS-UTIB0000RZP-490739513023 26-PAYMENT FROM PHONE,1003.1,Groceries
05/05/2025,UPI-ETISHA MITTAL-9226665556-5@AXL-UBIN0 712435-603816503000-PAYMENT FROM PHONE,43931.05,Transfers
06/05/2025,UPI-SWIGGY-7672978639@HDFCBANK-HDFC0MERUP I-626020979184-SWIGGY FOOD,749.69,Food & Dining
06/05/2025,UPI-DINESH KUMAR PATIDA-SURESHSINGH25-2@O KHDFCBANK-HDFC9433447-448356079088-PAYME NT FROM PHONE,30906.2,Transfers
06/05/2025,UPI-JAIN DAIRY COLDRINKS-Q689204557@YBL- YESB0YBLUPI-500477815186-PAYMENT FROM PH ONE,655.56,Food & Dining
06/05/2025,ACH/JIO/RECHARGE/4G PLAN,831.07,Bills & Utilities
06/05/2025,BBPS/BESCOM/ELECTRICITY/BILL PAY,1450.57,Bills & Utilities
06/05/2025,UPI-KALA KUNJ KOTA-VYAPAR.442632165120@H DFCBANK-HDFC0MERUPI-297357379611-PAYMENT FROM PHONE,23935.18,Transfers
07/05/2025,UPI-ZOMATO LIMITED-ZOMATOFD.PAYU@HDFCBANK K-HDFC0MERUPI-566902306057-UPIINTENT,679.89,Food & Dining
07/05/2025,UPI-BPCL UFILL 4-PAYTMQR46208610@PAYTM-YE SB0PTMUPI-454641747379-PAYMENT FROM PHON E,579.76,Transport
07/05/2025,UPI-UBER-8031130343@HDFCBANK HDFC0MERUPI-279840209546-RIDE PAYMENT,1902.03,Transport
07/05/2025,UPI-VIJAY SHREE TRADERS-SURENDRAGOYAL25@ OKSBI-BKID0008860-389537267030-PAYMENT F ROM PHONE,22383.39,Transfers
08/05/2025,UPI-SWIGGY-7874667922@HDFCBANK-HDFC0MERUP I-803446934035-SWIGGY FOOD,532.52,Food & Dining
08/05/2025,UPI-EKART-EKART2.PAYU@AXISBANK-UTIB00001 00-120284131798-UPIQR,2744.78,Shopping
08/05/2025,UPI-MAHESH KUMAR MALI-8764616914@YBL-SBI N0030057-756673308859-PAYMENT FROM PHONE,24022.51,Transfers
08/05/2025,UPI-ZEPTO MARKETPLACE PR-ZEPTOMARKETPLAC 846302.RZP@RXAXIS-UTIB0000RZP-997189760659 40-PAYMENT FROM PHONE,1371.02,Groceries
08/05/2025,UPI-EKART-EKART@YBL-YESB0YBLUPI-63782801 4696-PAYMENT FOR REFCL6,7903.25,Shopping
08/05/2025,UPI-MAHESH KUMAR MALI-7962466764@YBL-SBI N0030057-351697480029-PAYMENT FROM PHONE,4359.55,Transfers
09/05/2025,UPI-NETFLIX COM-NETFLIXUPI.PAYU@HDFCBANK -HDFC0MERUPI-216129399322-MONTHLY AUTOPA Y. C,409.04,Food & Dining
09/05/2025,UPI-ZOMATO LIMITED-ZOMATOFD.PAYU@HDFCBANK K-HDFC0MERUPI-461115585364-UPIINTENT,730.53,Food & Dining
09/05/2025,UPI-ETISHA MITTAL-8395275072-5@AXL-UBIN0 209095-613676563011-PAYMENT FROM PHONE,22665.93,Transfers
09/05/2025,UPI-BLINKIT-BLINKIT.PAYU@HDFCBANK-HDFC0M ERUPI-345810966652-UPIINTENT,621.82,Food & Dining
10/05/2025,UPI-M S SUPREME TRANSPOR-SUPREMETRANSPOR T223-9@OKICICI-ICIC3111177-912931201407- PAYMENT FROM PHONE,1983.38,Transport
10/05/2025,UPI-JABIR HUSAIN TAI-8604996392@YBL-SBIN 38987-975013180499-PAYMENT FROM PHONE,28003.13,Transfers
11/05/2025,UPI-BLINKIT-PAYTM-BLINKIT@PTYBL-YESB0PTM UPI-975555089500-BLINKIT PAYMENT,540.13,Food & Dining
11/05/2025,UPI-SWIGGY-7728179922@HDFCBANK-HDFC0MERUP I-921493390402-SWIGGY FOOD,608.88,Food & Dining
11/05/2025,UPI-RAVI CARPENTER-9349054385@YBL-SBIN0 93080-876773522429-PAYMENT FROM PHONE,1993.53,Transport
11/05/2025,UPI-FLIPKART PAYMENTS-PAYTM-73227556@PTY BL-YESB0PTMUPI-700605672251-PAYMENT FROM PHONE,4073.51,Shopping
11/05/2025,UPI-KALA KUNJ KOTA-VYAPAR.307442055867@H DFCBANK-HDFC0MERUPI-657051099354-PAYMENT FROM PHONE,13137.34,Transfers
11/05/2025,UPI-BPCL UFILL 4-PAYTMQR83977005@PAYTM-YE SB0PTMUPI-629438941858-PAYMENT FROM PHON E,1730.38,Transport
12/05/2025,UPI-NETFLIX COM-NETFLIXUPI.PAYU@HDFCBANK -HDFC0MERUPI-412417687792-MONTHLY AUTOPA Y. C,285.53,Food & Dining
12/05/2025,UPI-BIGBASKET-9375548402@HDFCBANK HDFC0MERUPI-976038314050-GROCERY ORDER,235.42,Groceries
12/05/2025,UPI-KALA KUNJ KOTA-VYAPAR.460361191148@H DFCBANK-HDFC0MERUPI-230083814823-PAYMENT FROM PHONE,38759.75,Transfers
12/05/2025,UPI-BPCL UFILL 3-PAYTMQR92324445@PAYTM-YE SB0PTMUPI-749263292815-PAYMENT FROM PHON E,1156.48,Transport
12/05/2025,UPI-BPCL UFILL 5-PAYTMQR20116117@PAYTM-YE SB0PTMUPI-390253163153-PAYMENT FROM PHON E,1914.78,Transport
12/05/2025,ACH/PPFAS MF/SIP/FLEXI CAP,6891.4,Investment
13/05/2025,UPI-M S SUPREME TRANSPOR-SUPREMETRANSPOR T252-6@OKICICI-ICIC7981244-911842008367- PAYMENT FROM PHONE,255.33,Transport
13/05/2025,UPI-GOOGLE-PLAYSTORE1.BD@AXISBANK-UTIB00 19687-613291330114-MANDATEEXECUTE,1989.78,Bills & Utilities
13/05/2025,UPI-TAKEUFORWARD-TAKEUFORWARD583223.RZP@ RXAIRTEL-AIRP0000011-506800435925-PAYMEN TTOTAKEUFORW,2966.68,Education
13/05/2025,UPI-BIGBASKET-8819992213@HDFCBANK HDFC0MERUPI-533665066572-GROCERY ORDER,385.16,Groceries
13/05/2025,UPI-IRCTC RAIL APP-IRCTCPGONLINE@AXL-UTI B0AXLUPI-793152455918-PAYMENT FOR 100006,195.93,Transport
13/05/2025,UPI-OLA CABS-9327664795@PTYBL YESB0PTMUPI-761046640332-AUTO PAYMENT,888.86,Transport
14/05/2025,UPI-FLIPKART PAYMENTS-PAYTM-70072398@PTY BL-YESB0PTMUPI-781582911059-EXPRESS,1625.8,Shopping
14/05/2025,UPI-GOOGLE-PLAYSTORE1.BD@AXISBANK-UTIB00 33064-143547058609-MANDATEEXECUTE,1528.73,Bills & Utilities
14/05/2025,UPI-ZOMATO-PAYZOMATO@HDFCBANK-HDFC0MERUP I-110039403047-PAYMENT FROM PHONE,245.62,Food & Dining
14/05/2025,UPI-OLA CABS-9220492799@PTYBL YESB0PTMUPI-876056829151-AUTO PAYMENT,1026.64,Transport
14/05/2025,UPI-IRCTC RAIL APP-IRCTCPGONLINE@YBL-YES B0YBLUPI-372771633254-PAYMENT FOR 100006,1175.29,Transport
15/05/2025,UPI-SWIGGY-9056529699@HDFCBANK-HDFC0MERUP I-386899209175-SWIGGY FOOD,504.37,Food & Dining
15/05/2025,UPI-ZOMATO-PAYZOMATO@HDFCBANK-HDFC0MERUP I-169944145387-PAYMENT FROM PHONE,708.5,Food & Dining
15/05/2025,UPI-AVIRAL MITTAL-AVIRAL.23@YBL-SBIN003 0057-379146690296-PAYMENT FROM PHONE,41961.43,Transfers
15/05/2025,UPI-ETISHA MITTAL-7658608488-3@AXL-UBIN0 864313-233967193763-PAYMENT FROM PHONE,31303.82,Transfers
16/05/2025,UPI-ZEPTO MARKETPLACE PR-ZEPTO.PAYU@AXIS BANK-UTIB0000100-922654223677-PAYMENT FR OM PHONE,538.13,Groceries
16/05/2025,UPI-BIGBASKET-7492143012@HDFCBANK HDFC0MERUPI-857300741372-GROCERY ORDER,836.26,Groceries
16/05/2025,UPI-OLA CABS-9776154329@PTYBL YESB0PTMUPI-219242304764-AUTO PAYMENT,647.09,Transport
16/05/2025,UPI-AMAZON PAY-8655098540@AMAZON UTIB0000100-121690165833-ORDER PAYMENT,6444.43,Shopping
16/05/2025,UPI-RAKSHA NYATI-Q975323755@YBL-YESB0YBL UPI-212986564662-PAYMENT FROM PHONE,101.49,Healthcare
18/05/2025,UPI-ZEPTO MARKETPLACE PR-ZEPTO.PAYU@AXIS BANK-UTIB0000100-405857898804-PAYMENT FR OM PHONE,1693.85,Groceries
18/05/2025,UPI-JAIN GENERAL AND STA-Q964214765@YBL- YESB0YBLUPI-605793706427-PAYMENT FROM PH ONE,762.26,Groceries
18/05/2025,UPI-OLA CABS-7333978866@PTYBL YESB0PTMUPI-756371046862-AUTO PAYMENT,480.44,Transport
18/05/2025,UPI-FLIPKART PAYMENTS-PAYTM-36238510@PTY BL-YESB0PTMUPI-621799939487-PAYMENT FROM PHONE,7283.6,Shopping
18/05/2025,UPI-KWATRA-IBKPOS.EP147717@ICICI-ICIC000 6912-609214453702-PAYMENT FROM PHONE,22007.95,Transfers
18/05/2025,UPI-AMAZON PAY-8631247126@AMAZON UTIB0000100-525291200060-ORDER PAYMENT,6782.1,Shopping
19/05/2025,UPI-KWATRA-IBKPOS.EP679398@ICICI-ICIC000 1315-929610248040-PAYMENT FROM PHONE,12639.04,Transfers
19/05/2025,UPI-MAHESH KUMAR MALI-7410739117@YBL-SBI N0030057-446525025054-PAYMENT FROM PHONE,9530.43,Transfers
19/05/2025,UPI-ZOMATO LIMITED-ZOMATOFD.PAYU@HDFCBANK K-HDFC0MERUPI-171515774622-UPIINTENT,254.62,Food & Dining
19/05/2025,UPI-MS KAMAL ENTERPRISES-Q218073366@YBL YESB0MCHUPI-699573520627-PAYMENT FROM PH ONE,672.11,Groceries
19/05/2025,UPI-FLIPKART PAYMENTS-PAYTM-24231109@PTY BL-YESB0PTMUPI-902259011883-PAYMENT FROM PHONE,7195.51,Shopping
19/05/2025,UPI-KWATRA-IBKPOS.EP330991@ICICI-ICIC000 5866-255201803354-PAYMENT FROM PHONE,20305.68,Transfers
20/05/2025,UPI-ZEPTO MARKETPLACE PR-ZEPTO.PAYU@AXIS BANK-UTIB0000100-896829075351-PAYMENT FR OM PHONE,1466.37,Groceries
20/05/2025,UPI-IRCTC RAIL APP-IRCTCPGONLINE@AXL-UTI B0AXLUPI-830553939552-PAYMENT FOR 100006,302.81,Transport
20/05/2025,UPI-VIJAY SHREE TRADERS-SURENDRAGOYAL58@ OKSBI-BKID0008860-711312227153-PAYMENT F ROM PHONE,7924.18,Transfers
20/05/2025,UPI-KWATRA-IBKPOS.EP655748@ICICI-ICIC000 1964-827422359397-PAYMENT FROM PHONE,12444.91,Transfers
20/05/2025,UPI-KALA KUNJ KOTA-VYAPAR.155469432464@H DFCBANK-HDFC0MERUPI-561947653017-PAYMENT FROM PHONE,19395.1,Transfers
20/05/2025,UPI-BLINKIT-BLINKIT.PAYU@HDFCBANK-HDFC0M ERUPI-517290434884-UPIINTENT,679.54,Food & Dining
20/05/2025,UPI-FLIPKART PAYMENTS-PAYTM-19192086@PTY BL-YESB0PTMUPI-532725068838-PAYMENT FROM PHONE,4753.55,Shopping
20/05/2025,UPI-APOLLO PHARMACIES LI-SBIPMOPAD.02PYM 739859391055-PAYMENT FROM PHONE,910.02,Healthcare
21/05/2025,UPI-ZOMATO LIMITED-ZOMATOFD.PAYU@HDFCBANK K-HDFC0MERUPI-165685583169-UPIINTENT,705.95,Food & Dining
21/05/2025,UPI-BLINKIT-PAYTM-BLINKIT@PTYBL-YESB0PTM UPI-749691707216-BLINKIT PAYMENT,628.87,Groceries
21/05/2025,UPI-SHAILENDRA PRAJAPAT-PAYTM.S10576@PT Y-YESB0MCHUPI-207394967812-PAYMENT FROM PHONE,30016.05,Transfers
22/05/2025,UPI-ZOMATO-PAYZOMATO@HDFCBANK-HDFC0MERUP I-225143736248-PAYMENT FROM PHONE,440.74,Food & Dining
22/05/2025,UPI-BPCL UFILL 5-PAYTMQR58061653@PAYTM-YE SB0PTMUPI-989333553362-PAYMENT FROM PHON E,1437.59,Transport
22/05/2025,UPI-KALA KUNJ KOTA-VYAPAR.876283730493@H DFCBANK-HDFC0MERUPI-222158850134-PAYMENT FROM PHONE,31962.94,Transfers
22/05/2025,UPI-JABIR HUSAIN TAI-8578191976@YBL-SBIN 94198-253433585764-PAYMENT FROM PHONE,19349.04,Transfers
22/05/2025,UPI-JABIR HUSAIN TAI-8429135707@YBL-SBIN 58983-946176687194-PAYMENT FROM PHONE,38335.3,Transfers
23/05/2025,UPI-BLINKIT-BLINKIT.PAYU@HDFCBANK-HDFC0M ERUPI-695007527997-UPIINTENT,109.72,Food & Dining
23/05/2025,UPI-SHAILENDRA PRAJAPAT-PAYTM.S81954@PT Y-YESB0MCHUPI-469156375308-PAYMENT FROM PHONE,20397.67,Transfers
23/05/2025,UPI-DHOLPUR GAJAK AND BA-PAYTMQR3218809@P TYS-YESB0PTMUPI-307548839779-PAYMENT FRO M PHONE,91.78,Food & Dining
23/05/2025,UPI-AIRTEL RECHARGE-AIRTELPREDIRECT1@AXL -UTIB0AXLUPI-985624802617-PAYMENT FROM P HONE,1664.32,Bills & Utilities
24/05/2025,UPI-BLINKIT-PAYTM-BLINKIT@PTYBL-YESB0PTM UPI-261729487907-BLINKIT PAYMENT,2883.02,Groceries
24/05/2025,UPI-OLA CABS-8726407858@PTYBL YESB0PTMUPI-319890898848-AUTO PAYMENT,1605.57,Transport
24/05/2025,UPI-MR SIDDHARTH CHHABR-Q262769381@YBL-772947894650 YESB0YBLUPI-735034567037-PAYMENT FROM PH ONE,12217.13,Transfers
24/05/2025,UPI-KWATRA-IBKPOS.EP788841@ICICI-ICIC000 3943-794353896451-PAYMENT FROM PHONE,1953.57,Transfers
25/05/2025,UPI-BLINKIT-PAYTM-BLINKIT@PTYBL-YESB0PTM UPI-239353391976-BLINKIT PAYMENT,581.9,Food & Dining
25/05/2025,UPI-AMAZON PAY-7897489645@AMAZON UTIB0000100-726956620134-ORDER PAYMENT,7205.69,Shopping
25/05/2025,UPI-SHREERAM STATIONERY -Q81915687@YBL-B KID9426263-278475336065-PAYMENT FROM PHO NE,2078.55,Education
25/05/2025,UPI-VIJAY SHREE TRADERS-SURENDRAGOYAL14@ OKSBI-BKID0008860-433718139693-PAYMENT F ROM PHONE,30575.03,Transfers
25/05/2025,UPI-VIJAY JUICE POINT-PAYTM.S75956@PTY- YESB0MCHUPI-562150075995-PAYMENT FROM PH ONE,629.12,Food & Dining
25/05/2025,UPI-BLINKIT-PAYTM-BLINKIT@PTYBL-YESB0PTM UPI-844233656211-BLINKIT PAYMENT,238.44,Food & Dining
25/05/2025,UPI-AMAZON PAY-7704110347@AMAZON UTIB0000100-358113929678-ORDER PAYMENT,1070.98,Shopping
25/05/2025,BBPS/BESCOM/ELECTRICITY/BILL PAY,841.11,Bills & Utilities
26/05/2025,UPI-OLA CABS-9535704367@PTYBL YESB0PTMUPI-452249859925-AUTO PAYMENT,1725.83,Transport
26/05/2025,UPI-MSBEAUX FASHION-IBKPOS.EP12443@ICIC I-ICIC0000004-291772670542-PAYMENT FROM PHONE,5391.06,Shopping
26/05/2025,UPI-AVIRAL MITTAL-AVIRAL.23@YBL-SBIN003 0057-251007747466-PAYMENT FROM PHONE,530.64,Transfers
26/05/2025,ACH/SBI MF/SIP/BLUECHIP FUND,9214.29,Investment
27/05/2025,UPI-UBER-7955441200@HDFCBANK HDFC0MERUPI-234539453489-RIDE PAYMENT,257.77,Transport
28/05/2025,UPI-SURESH KUMAR BANJARA-KAMLESHPAT70-4@O KHDFCBANK-HDFC5722069-435770021049-PAYME NT FROM PHONE,21692.27,Transfers
28/05/2025,UPI-KWATRA-IBKPOS.EP267917@ICICI-ICIC000 7069-274870550257-PAYMENT FROM PHONE,23656.29,Transfers
28/05/2025,ACH/HDFC BANK/EMI/HOME LOAN,14400.48,EMI & Loans
28/05/2025,UPI-IRCTC RAIL APP-IRCTCPGONLINE@AXL-UTI B0AXLUPI-709796376515-PAYMENT FOR 100006,1412.72,Transport
01/06/2025,UPI-SHREERAM STATIONERY -Q23593405@YBL-B KID4131072-574461003824-PAYMENT FROM PHO NE,284.2,Groceries
01/06/2025,UPI-KWATRA-IBKPOS.EP754871@ICICI-ICIC000 3500-292841224344-PAYMENT FROM PHONE,32884.19,Transfers
01/06/2025,UPI-KALA KUNJ KOTA-VYAPAR.866288843118@H DFCBANK-HDFC0MERUPI-407072788259-PAYMENT FROM PHONE,30235.91,Transfers
01/06/2025,UPI-ETISHA MITTAL-7485590800-2@AXL-UBIN0 462238-871243806557-PAYMENT FROM PHONE,32355.57,Transfers
02/06/2025,UPI-IRCTC RAIL APP-IRCTCPGONLINE@YBL-YES B0YBLUPI-966255943270-PAYMENT FOR 100006,72.32,Transport
02/06/2025,UPI-OLA CABS-8407755198@PTYBL YESB0PTMUPI-538455123167-AUTO PAYMENT,1356.44,Transport
03/06/2025,UPI-IRCTC RAIL APP-IRCTCPGONLINE@YBL-YES B0YBLUPI-134694667804-PAYMENT FOR 100006,201.88,Transport
03/06/2025,UPI-GOOGLE-PLAYSTORE1.BD@AXISBANK-UTIB00 85379-991356479616-MANDATEEXECUTE,1058.85,Bills & Utilities
03/06/2025,UPI-APOLLO PHARMACIES LI-SBIPMOPAD.02PYM 728563407451-PAYMENT FROM PHONE,797.32,Healthcare
04/06/2025,BBPS/BESCOM/ELECTRICITY/BILL PAY,817.07,Bills & Utilities
04/06/2025,UPI-KWATRA-IBKPOS.EP787676@ICICI-ICIC000 1445-562286775802-PAYMENT FROM PHONE,21651.72,Transfers
05/06/2025,UPI-VIJAY SHREE TRADERS-SURENDRAGOYAL73@ OKSBI-BKID0008860-663548509824-PAYMENT F ROM PHONE,36473.44,Transfers
06/06/2025,UPI-IRCTC RAIL APP-IRCTCPGONLINE@YBL-YES B0YBLUPI-299632033358-PAYMENT FOR 100006,1316.0,Transport
07/06/2025,UPI-ZOMATO LIMITED-ZOMATOFD.PAYU@HDFCBANK K-HDFC0MERUPI-805484596026-UPIINTENT,523.98,Food & Dining
07/06/2025,UPI-SWIGGY-9719528701@HDFCBANK-HDFC0MERUP I-419355645392-SWIGGY FOOD,656.32,Food & Dining
07/06/2025,UPI-ZEPTO MARKETPLACE PR-ZEPTO.PAYU@AXIS BANK-UTIB0000100-341026231776-PAYMENT FR OM PHONE,1612.12,Groceries
07/06/2025,UPI-IRCTC RAIL APP-IRCTCPGONLINE@YBL-YES B0YBLUPI-659107254279-PAYMENT FOR 100006,1928.92,Transport
07/06/2025,UPI-KALA KUNJ KOTA-VYAPAR.448381841916@H DFCBANK-HDFC0MERUPI-876958678136-PAYMENT FROM PHONE,2178.31,Shopping
08/06/2025,UPI-SWIGGY-7365308503@HDFCBANK-HDFC0MERUP I-408816591512-SWIGGY FOOD,572.37,Food & Dining
08/06/2025,UPI-DHOLPUR GAJAK AND BA-PAYTMQR2619280@P TYS-YESB0PTMUPI-379192614372-PAYMENT FRO M PHONE,84.07,Food & Dining
09/06/2025,UPI-DHAKAD ELECTRICALS-MAB.1650852840 18@AXISBANK-UTIB0000100-677871653922-PAY MENT FROM PHONE,3722.2,Shopping
09/06/2025,UPI-FLIPKART PAYMENTS-PAYTM-63751317@PTY BL-YESB0PTMUPI-764357749979-EXPRESS,6786.34,Shopping
09/06/2025,UPI-APOLLO PHARMACIES LI-SBIPMOPAD.02PYM 338271006093-PAYMENT FROM PHONE,1916.82,Healthcare
09/06/2025,UPI-KWATRA-IBKPOS.EP770154@ICICI-ICIC000 3432-425261115259-PAYMENT FROM PHONE,18174.14,Transfers
09/06/2025,UPI-MR SIDDHARTH CHHABR-Q973439363@YBL-114243635009 YESB0YBLUPI-602640418047-PAYMENT FROM PH ONE,6919.0,Transfers
10/06/2025,UPI-KALA KUNJ KOTA-VYAPAR.347132005701@H DFCBANK-HDFC0MERUPI-519832681214-PAYMENT FROM PHONE,36948.0,Transfers
11/06/2025,UPI-OM NAMKEEN AND SNACK-Q188931315@YBL- SBIN0030057-885629687372-PAYMENT FROM PH ONE,509.4,Food & Dining
11/06/2025,UPI-SWIGGY-8815951623@HDFCBANK-HDFC0MERUP I-423554578971-SWIGGY FOOD,728.8,Food & Dining
11/06/2025,UPI-ZEPTO MARKETPLACE PR-ZEPTO.PAYU@AXIS BANK-UTIB0000100-987583462704-PAYMENT FR OM PHONE,944.88,Groceries
11/06/2025,UPI-BLINKIT-PAYTM-BLINKIT@PTYBL-YESB0PTM UPI-573273966676-BLINKIT PAYMENT,2649.4,Groceries
11/06/2025,UPI-EKART-EKART@YBL-YESB0YBLUPI-77770033 4319-PAYMENT FOR REFCL7,3015.8,Shopping
11/06/2025,UPI-SRN PRINTERS-BHARATPE.54668291648@FB PE-FDRL0001382-382228555885-PAY TO BHARA TPE ME,3359.6,Education
12/06/2025,UPI-MR SIDDHARTH CHHABR-Q128628609@YBL-856988694173 YESB0YBLUPI-117836758182-PAYMENT FROM PH ONE,23572.54,Transfers
13/06/2025,UPI-SHREERAM STATIONERY -Q21903820@YBL-B KID3352410-330232386194-PAYMENT FROM PHO NE,1300.25,Groceries
13/06/2025,UPI-AVIRAL MITTAL-AVIRAL.23@YBL-SBIN003 0057-281804261459-PAYMENT FROM PHONE,8043.96,Transfers
13/06/2025,ACH/SBI MF/SIP/BLUECHIP FUND,881.36,Investment
14/06/2025,UPI-VIJAY JUICE POINT-PAYTM.S10777@PTY- YESB0MCHUPI-518902174854-PAYMENT FROM PH ONE,641.87,Food & Dining
14/06/2025,UPI-AVIRAL MITTAL-AVIRAL.23@YBL-SBIN003 0057-861927048960-PAYMENT FROM PHONE,36073.23,Transfers
15/06/2025,UPI-BLINKIT-PAYTM-BLINKIT@PTYBL-YESB0PTM UPI-775726182994-BLINKIT PAYMENT,198.39,Food & Dining
15/06/2025,UPI-OLA CABS-7531197655@PTYBL YESB0PTMUPI-795021487404-AUTO PAYMENT,1778.92,Transport
15/06/2025,UPI-SHAILENDRA PRAJAPAT-PAYTM.S85525@PT Y-YESB0MCHUPI-130147778515-PAYMENT FROM PHONE,29341.61,Transfers
16/06/2025,UPI-CHAAPS N CURRIES-Q392557656@YBL-YESB 0YBLUPI-241930029037-PAYMENT FROM PHONE,101.87,Food & Dining
18/06/2025,UPI-CHAAPS N CURRIES-Q124158990@YBL-YESB 0YBLUPI-568331952001-PAYMENT FROM PHONE,385.33,Food & Dining
18/06/2025,UPI-RAVI CARPENTER-7299221158@YBL-SBIN0 62716-258468975731-PAYMENT FROM PHONE,692.14,Transport
18/06/2025,UPI-EKART-EKART@YBL-YESB0YBLUPI-70070715 2202-PAYMENT FOR REFCL2,6772.15,Shopping
18/06/2025,UPI-RAMESH KUMAR BANJARA-KAMLESHPAT68-4@O KHDFCBANK-HDFC5207609-780956767979-PAYME NT FROM PHONE,12592.83,Transfers
19/06/2025,UPI-ZEPTO MARKETPLACE PR-ZEPTO.PAYU@AXIS BANK-UTIB0000100-554518687774-PAYMENT FR OM PHONE,1326.83,Groceries
19/06/2025,UPI-FLIPKART PAYMENTS-PAYTM-42655179@PTY BL-YESB0PTMUPI-184853636379-PAYMENT FROM PHONE,1858.23,Shopping
19/06/2025,UPI-VIJAY SHREE TRADERS-SURENDRAGOYAL98@ OKSBI-BKID0008860-562109896102-PAYMENT F ROM PHONE,27481.34,Transfers
19/06/2025,UPI-DINESH KUMAR PATIDA-RAKESHSIOTA38-3@O KHDFCBANK-HDFC1984235-851185394408-PAYME NT FROM PHONE,33271.41,Transfers
19/06/2025,UPI-KWATRA-IBKPOS.EP164566@ICICI-ICIC000 8625-266707339568-PAYMENT FROM PHONE,2222.24,Transfers
20/06/2025,UPI-VIJAY SHREE TRADERS-SURENDRAGOYAL32@ OKSBI-BKID0008860-433870127871-PAYMENT F ROM PHONE,10543.15,Transfers
20/06/2025,NACH/BAJAJ FINANCE/EMI DEBIT,18575.37,EMI & Loans
21/06/2025,UPI-DHOLPUR GAJAK AND BA-PAYTMQR8330282@P TYS-YESB0PTMUPI-407455719183-PAYMENT FRO M PHONE,69.9,Food & Dining
21/06/2025,UPI-OLA CABS-9320034451@PTYBL YESB0PTMUPI-317569959303-AUTO PAYMENT,1274.13,Transport
21/06/2025,UPI-AIRTEL RECHARGE-AIRTELPREDIRECT1@AXL -UTIB0AXLUPI-512029991905-PAYMENT FROM P HONE,824.43,Bills & Utilities
21/06/2025,UPI-KWATRA-IBKPOS.EP189682@ICICI-ICIC000 4214-733933051034-PAYMENT FROM PHONE,23961.65,Transfers
22/06/2025,UPI-SWIGGY-9985071106@HDFCBANK-HDFC0MERUP I-413664903844-SWIGGY FOOD,538.51,Food & Dining
23/06/2025,UPI-ZOMATO LIMITED-ZOMATOFD.PAYU@HDFCBANK K-HDFC0MERUPI-104009609871-UPIINTENT,628.74,Food & Dining
23/06/2025,UPI-OLA CABS-7530243735@PTYBL YESB0PTMUPI-301302419630-AUTO PAYMENT,1714.74,Transport
24/06/2025,UPI-SWIGGY-7208371935@HDFCBANK-HDFC0MERUP I-547757982538-SWIGGY FOOD,168.49,Food & Dining
24/06/2025,UPI-ZEPTO MARKETPLACE PR-ZEPTOMARKETPLAC 147762.RZP@RXAXIS-UTIB0000RZP-230246513546 83-PAYMENT FROM PHONE,379.66,Groceries
25/06/2025,UPI-MR SIDDHARTH CHHABR-Q228944676@YBL-863140749756 YESB0YBLUPI-989473106428-PAYMENT FROM PH ONE,17138.8,Transfers
25/06/2025,UPI-AVIRAL MITTAL-AVIRAL.23@YBL-SBIN003 0057-436905141665-PAYMENT FROM PHONE,43089.03,Transfers
25/06/2025,UPI-ZERODHA-8880617716@ZERODHA,9314.62,Investment
27/06/2025,UPI-DHOLPUR GAJAK AND BA-PAYTMQR9721483@P TYS-YESB0PTMUPI-843186633785-PAYMENT FRO M PHONE,202.93,Food & Dining
27/06/2025,UPI-FLIPKART PAYMENTS-PAYTM-23105070@PTY BL-YESB0PTMUPI-353885940570-PAYMENT FROM PHONE,7929.43,Shopping
27/06/2025,UPI-GOOGLE-PLAYSTORE1.BD@AXISBANK-UTIB00 38603-522647233099-MANDATEEXECUTE,1332.79,Bills & Utilities
27/06/2025,UPI-AIRTEL RECHARGE-AIRTELPREDIRECT1@AXL -UTIB0AXLUPI-362270702195-PAYMENT FROM P HONE,720.73,Bills & Utilities
28/06/2025,UPI-KALA KUNJ KOTA-VYAPAR.547191896905@H DFCBANK-HDFC0MERUPI-641152245543-PAYMENT FROM PHONE,35206.57,Transfers
28/06/2025,UPI-VIJAY SHREE TRADERS-SURENDRAGOYAL57@ OKSBI-BKID0008860-166815451322-PAYMENT F ROM PHONE,38472.7,Transfers
28/06/2025,UPI-KAMLESH KUMAR BANJARA-RAKESHSIOTA35-5@O KHDFCBANK-HDFC7726318-434616504035-PAYME NT FROM PHONE,2275.76,Transfers
28/06/2025,UPI-MAHESH KUMAR MALI-8924086305@YBL-SBI N0030057-974789368460-PAYMENT FROM PHONE,18900.29,Transfers
28/06/2025,UPI-MAHESH KUMAR MALI-8411702143@YBL-SBI N0030057-439936334465-PAYMENT FROM PHONE,16254.85,Transfers
01/07/2025,UPI-ZEPTO MARKETPLACE PR-ZEPTOMARKETPLAC 918952.RZP@RXAXIS-UTIB0000RZP-264951042330 41-PAYMENT FROM PHONE,656.09,Groceries
01/07/2025,UPI-M S SUPREME TRANSPOR-SUPREMETRANSPOR T616-9@OKICICI-ICIC1634884-168470380299- PAYMENT FROM PHONE,1582.39,Transport
01/07/2025,UPI-EKART-EKART2.PAYU@AXISBANK-UTIB00001 00-386232189436-UPIQR,2500.16,Shopping
01/07/2025,UPI-RAJ MEDICAL STORES-GPAY-53764430321@ OKBIZAXIS-UTIB0000553-767570132186-PAYME NT FROM PHONE,1246.11,Healthcare
01/07/2025,UPI-MR SIDDHARTH CHHABR-Q921179287@YBL-862664448196 YESB0YBLUPI-732392070737-PAYMENT FROM PH ONE,25647.41,Transfers
02/07/2025,UPI-BLINKIT-PAYTM-BLINKIT@PTYBL-YESB0PTM UPI-672666934615-BLINKIT PAYMENT,2513.62,Groceries
02/07/2025,UPI-UBER-7012104551@HDFCBANK HDFC0MERUPI-638307578726-RIDE PAYMENT,1346.89,Transport
02/07/2025,ACH/PPFAS MF/SIP/FLEXI CAP,7060.86,Investment
03/07/2025,UPI-ZOMATO-PAYZOMATO@HDFCBANK-HDFC0MERUP I-957593914445-PAYMENT FROM PHONE,96.81,Food & Dining
03/07/2025,UPI-BLINKIT-PAYTM-BLINKIT@PTYBL-YESB0PTM UPI-207955884115-BLINKIT PAYMENT,333.34,Food & Dining
03/07/2025,UPI-JAIN DAIRY COLDRINKS-Q758304179@YBL- YESB0YBLUPI-254541730598-PAYMENT FROM PH ONE,148.71,Food & Dining
03/07/2025,UPI-NETFLIX COM-NETFLIXUPI.PAYU@HDFCBANK -HDFC0MERUPI-665771509046-MONTHLY AUTOPA Y. C,453.38,Food & Dining
03/07/2025,UPI-EKART-EKART@YBL-YESB0YBLUPI-85174624 9811-PAYMENT FOR REFCL3,5590.78,Shopping
03/07/2025,UPI-SHAILENDRA PRAJAPAT-PAYTM.S54792@PT Y-YESB0MCHUPI-846547751151-PAYMENT FROM PHONE,4261.67,Transfers
04/07/2025,UPI-VIJAY SHREE TRADERS-SURENDRAGOYAL79@ OKSBI-BKID0008860-391159296508-PAYMENT F ROM PHONE,43756.1,Transfers
04/07/2025,NACH/BAJAJ FINANCE/EMI DEBIT,14023.48,EMI & Loans
05/07/2025,UPI-ZOMATO-PAYZOMATO@HDFCBANK-HDFC0MERUP I-182564817078-PAYMENT FROM PHONE,620.72,Food & Dining
05/07/2025,ACH/JIO/RECHARGE/4G PLAN,522.66,Bills & Utilities
05/07/2025,UPI-MAHESH KUMAR MALI-8609127818@YBL-SBI N0030057-363762801206-PAYMENT FROM PHONE,7742.71,Transfers
06/07/2025,UPI-RAVI CARPENTER-7027150792@YBL-SBIN0 37340-797435139989-PAYMENT FROM PHONE,1266.29,Transport
06/07/2025,UPI-AVIRAL MITTAL-AVIRAL.23@YBL-SBIN003 0057-322270727469-PAYMENT FROM PHONE,253.3,Transfers
07/07/2025,UPI-AVIRAL MITTAL-AVIRAL.23@YBL-SBIN003 0057-146064513331-PAYMENT FROM PHONE,25908.18,Transfers
07/07/2025,UPI-SHAILENDRA PRAJAPAT-PAYTM.S49843@PT Y-YESB0MCHUPI-695890752037-PAYMENT FROM PHONE,12798.69,Transfers
08/07/2025,UPI-IRCTC RAIL APP-IRCTCPGONLINE@AXL-UTI B0AXLUPI-354375459360-PAYMENT FOR 100006,788.2,Transport
08/07/2025,UPI-BPCL UFILL 2-PAYTMQR21820617@PAYTM-YE SB0PTMUPI-922364924257-PAYMENT FROM PHON E,599.35,Transport
08/07/2025,UPI-DELHI WATCH ELECTR-GPAY-2382673173 44@OKBIZAXIS-UTIB0000553-765128521662-PAY MENT FROM PHONE,2970.27,Shopping
08/07/2025,UPI-TAKEUFORWARD-TAKEUFORWARD282597.RZP@ RXAIRTEL-AIRP0000011-848079090611-PAYMEN TTOTAKEUFORW,2061.55,Education
09/07/2025,UPI-BLINKIT-PAYTM-BLINKIT@PTYBL-YESB0PTM UPI-244119486335-BLINKIT PAYMENT,1925.01,Groceries
10/07/2025,UPI-KALA KUNJ KOTA-VYAPAR.896518549158@H DFCBANK-HDFC0MERUPI-504138319456-PAYMENT FROM PHONE,37500.94,Transfers
11/07/2025,UPI-OM NAMKEEN AND SNACK-Q896708393@YBL- BARB0INDKAT-938619017278-PAYMENT FROM PH ONE,679.1,Food & Dining
11/07/2025,UPI-BPCL UFILL 9-PAYTMQR70490863@PAYTM-YE SB0PTMUPI-461528960084-PAYMENT FROM PHON E,903.82,Transport
11/07/2025,UPI-FLIPKART PAYMENTS-PAYTM-43326367@PTY BL-YESB0PTMUPI-304723415718-PAYMENT FROM PHONE,683.23,Shopping
11/07/2025,UPI-ETISHA MITTAL-9305384880-4@AXL-UBIN0 230173-744006366912-PAYMENT FROM PHONE,22983.97,Transfers
12/07/2025,UPI-GOOGLE-PLAYSTORE1.BD@AXISBANK-UTIB00 93489-587914636837-MANDATEEXECUTE,147.61,Bills & Utilities
12/07/2025,UPI-RAKESH KUMAR PATIDA-SURESHSINGH25-4@O KHDFCBANK-HDFC4434669-312334567008-PAYME NT FROM PHONE,15485.62,Transfers
14/07/2025,UPI-BLINKIT-PAYTM-BLINKIT@PTYBL-YESB0PTM UPI-182598283274-BLINKIT PAYMENT,180.41,Food & Dining
15/07/2025,UPI-ZOMATO-PAYZOMATO@HDFCBANK-HDFC0MERUP I-421725491927-PAYMENT FROM PHONE,704.56,Food & Dining
15/07/2025,UPI-VIJAY SHREE TRADERS-SURENDRAGOYAL69@ OKSBI-BKID0008860-873936879092-PAYMENT F ROM PHONE,29108.68,Transfers
16/07/2025,UPI-SWIGGY-9839494826@HDFCBANK-HDFC0MERUP I-660507632805-SWIGGY FOOD,512.25,Food & Dining
16/07/2025,UPI-MR SIDDHARTH CHHABR-Q880839388@YBL-811411157067 YESB0YBLUPI-560184737804-PAYMENT FROM PH ONE,9500.61,Transfers
17/07/2025,UPI-ZEPTO MARKETPLACE PR-ZEPTOMARKETPLAC 396035.RZP@RXAXIS-UTIB0000RZP-571328634367 51-PAYMENT FROM PHONE,2129.7,Groceries
17/07/2025,UPI-APOLLO PHARMACIES LI-SBIPMOPAD.02PYM 503375254265-PAYMENT FROM PHONE,900.02,Healthcare
17/07/2025,UPI-VIJAY SHREE TRADERS-SURENDRAGOYAL73@ OKSBI-BKID0008860-541670590904-PAYMENT F ROM PHONE,11750.12,Transfers
17/07/2025,UPI-AVIRAL MITTAL-AVIRAL.23@YBL-SBIN003 0057-636096720462-PAYMENT FROM PHONE,16588.26,Transfers
17/07/2025,UPI-JABIR HUSAIN TAI-9181931127@YBL-SBIN 74439-350898746019-PAYMENT FROM PHONE,33980.56,Transfers
18/07/2025,UPI-BLINKIT-PAYTM-BLINKIT@PTYBL-YESB0PTM UPI-411187032340-BLINKIT PAYMENT,501.97,Food & Dining
18/07/2025,UPI-OLA CABS-7475078945@PTYBL YESB0PTMUPI-351201478469-AUTO PAYMENT,1027.22,Transport
18/07/2025,UPI-VIJAY SHREE TRADERS-SURENDRAGOYAL40@ OKSBI-BKID0008860-955580483910-PAYMENT F ROM PHONE,4691.97,Transfers
19/07/2025,UPI-BLINKIT-PAYTM-BLINKIT@PTYBL-YESB0PTM UPI-906084866287-BLINKIT PAYMENT,162.14,Food & Dining
19/07/2025,UPI-IRCTC RAIL APP-IRCTCPGONLINE@AXL-UTI B0AXLUPI-525321849967-PAYMENT FOR 100006,1134.52,Transport
20/07/2025,ACH/HDFC MF/SIP/EQUITY FUND,3414.59,Investment
21/07/2025,UPI-APOLLO PHARMACIES LI-SBIPMOPAD.02PYM 161771831638-PAYMENT FROM PHONE,814.66,Healthcare
22/07/2025,UPI-OLA CABS-7151453828@PTYBL YESB0PTMUPI-746750455452-AUTO PAYMENT,177.0,Transport
23/07/2025,UPI-SAMRIYA KIRANA STORE-VYAPAR.38743183 7882@HDFCBANK-HDFC0MERUPI-411976073352-P AYMENT FROM PHONE,2910.65,Groceries
23/07/2025,UPI-ZEPTO MARKETPLACE PR-ZEPTOMARKETPLAC 640081.RZP@RXAXIS-UTIB0000RZP-899800482381 45-PAYMENT FROM PHONE,932.34,Groceries
23/07/2025,UPI-FLIPKART PAYMENTS-PAYTM-38873109@PTY BL-YESB0PTMUPI-309009232500-EXPRESS,6797.63,Shopping
23/07/2025,UPI-SHAILENDRA PRAJAPAT-PAYTM.S73328@PT Y-YESB0MCHUPI-225853561582-PAYMENT FROM PHONE,5465.34,Transfers
24/07/2025,UPI-SWIGGY-8402456549@HDFCBANK-HDFC0MERUP I-293288287811-SWIGGY FOOD,730.49,Food & Dining
24/07/2025,UPI-MEESHO TECHNOLOGIES -MEESHOONLINEPG@ AXL-UTIB0AXLUPI-596307196600-UPI INTENT,7429.76,Shopping
24/07/2025,UPI-MSBHUMI JUNCTION NX-EAZYPAY.ZKIAW94C 6SND4LR@ICICI-ICIC0DC0099-351849281878-P AYMENT FROM PHONE,521.44,Bills & Utilities
25/07/2025,UPI-BLINKIT-BLINKIT.PAYU@HDFCBANK-HDFC0M ERUPI-355013511070-UPIINTENT,492.75,Food & Dining
25/07/2025,UPI-M S SUPREME TRANSPOR-SUPREMETRANSPOR T527-6@OKICICI-ICIC8384389-412836294048- PAYMENT FROM PHONE,1844.37,Transport
25/07/2025,UPI-FLIPKART PAYMENTS-PAYTM-58445837@PTY BL-YESB0PTMUPI-942432657163-EXPRESS,946.66,Shopping
25/07/2025,UPI-AIRTEL RECHARGE-AIRTELPREDIRECT3@AXL -UTIB0AXLUPI-570189279181-PAYMENT FROM P HONE,1431.29,Bills & Utilities
25/07/2025,UPI-KAMLESH KUMAR BANJARA-KAMLESHPAT53-2@O KHDFCBANK-HDFC7397468-342944886541-PAYME NT FROM PHONE,39676.14,Transfers
26/07/2025,UPI-CHAAYOS-8383486237@HDFCBANK HDFC0MERUPI-505862536656-PAYMENT FROM PHONE,199.72,Food & Dining
27/07/2025,UPI-SWIGGY-9713503370@HDFCBANK-HDFC0MERUP I-312605915082-SWIGGY FOOD,667.01,Food & Dining
27/07/2025,UPI-BLINKIT-PAYTM-BLINKIT@PTYBL-YESB0PTM UPI-593779031088-BLINKIT PAYMENT,726.01,Food & Dining
28/07/2025,UPI-ZEPTO MARKETPLACE PR-ZEPTO.PAYU@AXIS BANK-UTIB0000100-982643827269-PAYMENT FR OM PHONE,556.22,Groceries
28/07/2025,UPI-ZEPTO MARKETPLACE PR-ZEPTO.PAYU@AXIS BANK-UTIB0000100-956408412905-PAYMENT FR OM PHONE,981.97,Groceries
28/07/2025,UPI-AIRTEL RECHARGE-AIRTELPREDIRECT1@YBL -YESB0YBLUPI-850399870208-PAYMENT FROM P HONE,1748.46,Bills & Utilities
01/08/2025,UPI-CHAAYOS-9197590770@HDFCBANK HDFC0MERUPI-435330830587-PAYMENT FROM PHONE,743.56,Food & Dining
01/08/2025,UPI-IRCTC RAIL APP-IRCTCPGONLINE@AXL-UTI B0AXLUPI-944046672033-PAYMENT FOR 100006,602.25,Transport
01/08/2025,UPI-MR SIDDHARTH CHHABR-Q860827386@YBL-994215155186 YESB0YBLUPI-406506331528-PAYMENT FROM PH ONE,20820.6,Transfers
02/08/2025,UPI-OLA CABS-9175584193@PTYBL YESB0PTMUPI-526075566051-AUTO PAYMENT,244.79,Transport
02/08/2025,UPI-OLA CABS-9139003662@PTYBL YESB0PTMUPI-380870204393-AUTO PAYMENT,1578.81,Transport
02/08/2025,BBPS/BESCOM/ELECTRICITY/BILL PAY,34.1,Bills & Utilities
03/08/2025,UPI-JABIR HUSAIN TAI-9214545528@YBL-SBIN 33790-727462580155-PAYMENT FROM PHONE,44159.8,Transfers
04/08/2025,UPI-SAMRIYA KIRANA STORE-VYAPAR.33446425 6831@HDFCBANK-HDFC0MERUPI-710978288786-P AYMENT FROM PHONE,1526.66,Groceries
04/08/2025,UPI-TAKEUFORWARD-TAKEUFORWARD560071.RZP@ RXAIRTEL-AIRP0000011-838689492208-PAYMEN TTOTAKEUFORW,4630.46,Education
05/08/2025,UPI-BLINKIT-BLINKIT.PAYU@HDFCBANK-HDFC0M ERUPI-937860063667-UPIINTENT,182.37,Food & Dining
05/08/2025,UPI-APOLLO PHARMACIES LI-SBIPMOPAD.02PYM 549426320443-PAYMENT FROM PHONE,1873.83,Healthcare
05/08/2025,UPI-KALA KUNJ KOTA-VYAPAR.658717654665@H DFCBANK-HDFC0MERUPI-494582914915-PAYMENT FROM PHONE,31234.19,Transfers
07/08/2025,UPI-BLINKIT-PAYTM-BLINKIT@PTYBL-YESB0PTM UPI-957139524784-BLINKIT PAYMENT,1658.38,Groceries
07/08/2025,UPI-ZEPTO MARKETPLACE PR-ZEPTO.PAYU@AXIS BANK-UTIB0000100-522321907814-PAYMENT FR OM PHONE,2715.7,Groceries
07/08/2025,UPI-UBER-7883694437@HDFCBANK HDFC0MERUPI-776196033135-RIDE PAYMENT,877.18,Transport
07/08/2025,UPI-SRN PRINTERS-BHARATPE.50091787585@FB PE-FDRL0001382-794423659791-PAY TO BHARA TPE ME,68.51,Education
08/08/2025,UPI-BLINKIT-BLINKIT.PAYU@HDFCBANK-HDFC0M ERUPI-718245952902-UPIINTENT,493.6,Food & Dining
08/08/2025,UPI-BPCL UFILL 3-PAYTMQR20732350@PAYTM-YE SB0PTMUPI-532146997702-PAYMENT FROM PHON E,1706.16,Transport
08/08/2025,UPI-AMAZON PAY-9250758511@AMAZON UTIB0000100-999575233120-ORDER PAYMENT,7412.36,Shopping
08/08/2025,UPI-FLIPKART PAYMENTS-PAYTM-85640876@PTY BL-YESB0PTMUPI-253497161000-EXPRESS,3015.65,Shopping
08/08/2025,UPI-GOOGLE-PLAYSTORE1.BD@AXISBANK-UTIB00 31995-727971061703-MANDATEEXECUTE,713.81,Bills & Utilities
10/08/2025,UPI-VIJAY JUICE POINT-PAYTM.S23003@PTY- YESB0MCHUPI-739871838881-PAYMENT FROM PH ONE,353.21,Food & Dining
10/08/2025,UPI-KALA KUNJ KOTA-VYAPAR.844122499373@H DFCBANK-HDFC0MERUPI-142502228062-PAYMENT FROM PHONE,3004.14,Transfers
11/08/2025,UPI-BLINKIT-BLINKIT.PAYU@HDFCBANK-HDFC0M ERUPI-950519474052-UPIINTENT,145.71,Food & Dining
11/08/2025,UPI-UBER-8329897461@HDFCBANK HDFC0MERUPI-883996946544-RIDE PAYMENT,1830.37,Transport
11/08/2025,UPI-AVIRAL MITTAL-AVIRAL.23@YBL-SBIN003 0057-232324337716-PAYMENT FROM PHONE,34023.45,Transfers
12/08/2025,UPI-AVIRAL MITTAL-AVIRAL.23@YBL-SBIN003 0057-580089227382-PAYMENT FROM PHONE,9521.68,Transfers
12/08/2025,ACH/SBI MF/SIP/BLUECHIP FUND,4377.34,Investment
13/08/2025,UPI-RAVI CARPENTER-7040495264@YBL-SBIN0 11978-969310585150-PAYMENT FROM PHONE,893.06,Transport
13/08/2025,UPI-KWATRA-IBKPOS.EP444773@ICICI-ICIC000 7582-602076765348-PAYMENT FROM PHONE,22933.2,Transfers
14/08/2025,UPI-BLINKIT-BLINKIT.PAYU@HDFCBANK-HDFC0M ERUPI-786881459307-UPIINTENT,320.22,Food & Dining
14/08/2025,UPI-ETISHA MITTAL-7123142251-5@AXL-UBIN0 395149-365184532088-PAYMENT FROM PHONE,28204.07,Transfers
15/08/2025,UPI-SWIGGY-8215632977@HDFCBANK-HDFC0MERUP I-379861861166-SWIGGY FOOD,625.35,Food & Dining
15/08/2025,UPI-ZEPTO MARKETPLACE PR-ZEPTOMARKETPLAC 449063.RZP@RXAXIS-UTIB0000RZP-378996395422 47-PAYMENT FROM PHONE,2824.45,Groceries
15/08/2025,BBPS/BESCOM/ELECTRICITY/BILL PAY,1777.26,Bills & Utilities
15/08/2025,UPI-ETISHA MITTAL-7014158539-4@AXL-UBIN0 174136-846171418904-PAYMENT FROM PHONE,20355.28,Transfers
16/08/2025,UPI-JAIN DAIRY COLDRINKS-Q240824812@YBL- YESB0YBLUPI-878253922611-PAYMENT FROM PH ONE,509.49,Food & Dining
16/08/2025,UPI-IRCTC RAIL APP-IRCTCPGONLINE@AXL-UTI B0AXLUPI-527297922294-PAYMENT FOR 100006,558.33,Transport
16/08/2025,UPI-EKART-EKART@YBL-YESB0YBLUPI-68560012 4678-PAYMENT FOR REFCL4,4830.87,Shopping
16/08/2025,UPI-APOLLO PHARMACIES LI-SBIPMOPAD.02PYM 434367988491-PAYMENT FROM PHONE,1444.05,Healthcare
16/08/2025,UPI-MAHESH KUMAR MALI-7985546220@YBL-SBI N0030057-425480912767-PAYMENT FROM PHONE,41304.97,Transfers
17/08/2025,UPI-SHAILENDRA PRAJAPAT-PAYTM.S52932@PT Y-YESB0MCHUPI-783486739317-PAYMENT FROM PHONE,42858.51,Transfers
18/08/2025,UPI-ZOMATO-PAYZOMATO@HDFCBANK-HDFC0MERUP I-310091355160-PAYMENT FROM PHONE,675.5,Food & Dining
18/08/2025,ACH/JIO/RECHARGE/4G PLAN,560.25,Bills & Utilities
19/08/2025,UPI-LOCAL DHABA-PAYTMQR3691990@PTYS YESB0PTMUPI-628763760056-PAYMENT FROM PHONE,371.02,Food & Dining
19/08/2025,UPI-IRCTC RAIL APP-IRCTCPGONLINE@YBL-YES B0YBLUPI-544265757618-PAYMENT FOR 100006,998.07,Transport
19/08/2025,UPI-MSBEAUX FASHION-IBKPOS.EP47664@ICIC I-ICIC0000004-264024927493-PAYMENT FROM PHONE,3837.05,Shopping
19/08/2025,UPI-ETISHA MITTAL-9993121924-2@AXL-UBIN0 437534-744864373197-PAYMENT FROM PHONE,34317.01,Transfers
20/08/2025,UPI-SWIGGY-8160681973@HDFCBANK-HDFC0MERUP I-351605470696-SWIGGY FOOD,492.78,Food & Dining
20/08/2025,UPI-AVIRAL MITTAL-AVIRAL.23@YBL-SBIN003 0057-572432798608-PAYMENT FROM PHONE,6931.71,Transfers
21/08/2025,UPI-BPCL UFILL 7-PAYTMQR43888876@PAYTM-YE SB0PTMUPI-482051324554-PAYMENT FROM PHON E,1639.81,Transport
21/08/2025,UPI-RAKESH KUMAR PATIDA-RAKESHSIOTA27-5@O KHDFCBANK-HDFC8919696-121407200445-PAYME NT FROM PHONE,44265.91,Transfers
22/08/2025,UPI-ZOMATO-PAYZOMATO@HDFCBANK-HDFC0MERUP I-511881362231-PAYMENT FROM PHONE,647.49,Food & Dining
22/08/2025,UPI-BLINKIT-BLINKIT.PAYU@HDFCBANK-HDFC0M ERUPI-990377357321-UPIINTENT,253.81,Food & Dining
22/08/2025,UPI-ZEPTO MARKETPLACE PR-ZEPTOMARKETPLAC 433088.RZP@RXAXIS-UTIB0000RZP-713306225866 73-PAYMENT FROM PHONE,1687.9,Groceries
22/08/2025,UPI-MS KAMAL ENTERPRISES-Q924838138@YBL UTIB0000553-922824333004-PAYMENT FROM PH ONE,375.85,Groceries
22/08/2025,UPI-MR SIDDHARTH CHHABR-Q789233578@YBL-109470291917 YESB0YBLUPI-442828240710-PAYMENT FROM PH ONE,1845.41,Transfers
23/08/2025,UPI-BLINKIT-PAYTM-BLINKIT@PTYBL-YESB0PTM UPI-989120970470-BLINKIT PAYMENT,91.88,Food & Dining
23/08/2025,UPI-EKART-EKART2.PAYU@AXISBANK-UTIB00001 00-172959344159-UPIQR,2138.79,Shopping
24/08/2025,UPI-APOLLO PHARMACIES LI-SBIPMOPAD.02PYM 439125206735-PAYMENT FROM PHONE,1317.69,Healthcare
24/08/2025,NACH/BAJAJ FINANCE/EMI DEBIT,19890.01,EMI & Loans
25/08/2025,UPI-EKART-EKART@YBL-YESB0YBLUPI-56006510 6783-PAYMENT FOR REFCL7,2052.35,Shopping
26/08/2025,UPI-BIGBASKET-9688930427@HDFCBANK HDFC0MERUPI-777083041284-GROCERY ORDER,1259.95,Groceries
26/08/2025,UPI-MR SIDDHARTH CHHABR-Q443086673@YBL-168798293141 YESB0YBLUPI-403841022443-PAYMENT FROM PH ONE,44968.85,Transfers
03/09/2025,UPI-SWIGGY-8282353200@HDFCBANK-HDFC0MERUP I-624133035980-SWIGGY FOOD,362.02,Food & Dining
03/09/2025,UPI-IRCTC RAIL APP-IRCTCPGONLINE@AXL-UTI B0AXLUPI-376215522039-PAYMENT FOR 100006,1558.44,Transport
04/09/2025,UPI-SHREERAM STATIONERY -Q93094520@YBL-B KID2514442-185140332157-PAYMENT FROM PHO NE,2331.05,Groceries
04/09/2025,UPI-UBER-9932254988@HDFCBANK HDFC0MERUPI-258309599502-RIDE PAYMENT,387.2,Transport
05/09/2025,UPI-KWATRA-IBKPOS.EP870693@ICICI-ICIC000 6646-749462087081-PAYMENT FROM PHONE,278.89,Transfers
06/09/2025,UPI-BIGBASKET-9032209873@HDFCBANK HDFC0MERUPI-396014855674-GROCERY ORDER,1012.64,Groceries
06/09/2025,UPI-AVIRAL MITTAL-AVIRAL.23@YBL-SBIN003 0057-915474893906-PAYMENT FROM PHONE,38977.49,Transfers
06/09/2025,UPI-AVIRAL MITTAL-AVIRAL.23@YBL-SBIN003 0057-176913143893-PAYMENT FROM PHONE,16130.7,Transfers
07/09/2025,UPI-IRCTC RAIL APP-IRCTCPGONLINE@YBL-YES B0YBLUPI-160505695730-PAYMENT FOR 100006,587.16,Transport
07/09/2025,NACH/BAJAJ FINANCE/EMI DEBIT,18878.04,EMI & Loans
08/09/2025,UPI-BLINKIT-PAYTM-BLINKIT@PTYBL-YESB0PTM UPI-139890958925-BLINKIT PAYMENT,562.15,Food & Dining
09/09/2025,UPI-BLINKIT-PAYTM-BLINKIT@PTYBL-YESB0PTM UPI-573659687985-BLINKIT PAYMENT,448.49,Food & Dining
09/09/2025,UPI-BLINKIT-BLINKIT.PAYU@HDFCBANK-HDFC0M ERUPI-648046400353-UPIINTENT,651.02,Food & Dining
09/09/2025,UPI-NETFLIX COM-NETFLIXUPI.PAYU@HDFCBANK -HDFC0MERUPI-769782211780-MONTHLY AUTOPA Y. C,281.93,Food & Dining
09/09/2025,UPI-M S SUPREME TRANSPOR-SUPREMETRANSPOR T277-4@OKICICI-ICIC8142292-513208138712- PAYMENT FROM PHONE,1940.49,Transport
09/09/2025,UPI-IRCTC RAIL APP-IRCTCPGONLINE@YBL-YES B0YBLUPI-962170665684-PAYMENT FOR 100006,79.22,Transport
09/09/2025,UPI-FLIPKART PAYMENTS-PAYTM-36120414@PTY BL-YESB0PTMUPI-838543141616-EXPRESS,2171.93,Shopping
09/09/2025,UPI-RAKSHA NYATI-Q327899239@YBL-YESB0YBL UPI-844111322021-PAYMENT FROM PHONE,69.17,Healthcare
10/09/2025,UPI-FLIPKART PAYMENTS-PAYTM-63496533@PTY BL-YESB0PTMUPI-437853475563-PAYMENT FROM PHONE,2287.04,Shopping
10/09/2025,UPI-FLIPKART PAYMENTS-PAYTM-18657026@PTY BL-YESB0PTMUPI-944332645609-EXPRESS,6250.26,Shopping
10/09/2025,ACH/JIO/RECHARGE/4G PLAN,765.11,Bills & Utilities
11/09/2025,UPI-SWIGGY-7447221842@HDFCBANK-HDFC0MERUP I-816030741586-SWIGGY FOOD,392.6,Food & Dining
11/09/2025,UPI-SHREERAM STATIONERY -Q19164618@YBL-B KID2203394-700606623780-PAYMENT FROM PHO NE,2400.22,Groceries
11/09/2025,UPI-KALA KUNJ KOTA-VYAPAR.948785688390@H DFCBANK-HDFC0MERUPI-573099340263-PAYMENT FROM PHONE,36566.16,Transfers
11/09/2025,ACH/SBI MF/SIP/BLUECHIP FUND,3509.51,Investment
12/09/2025,UPI-MR SIDDHARTH CHHABR-Q559496785@YBL-390136620128 YESB0YBLUPI-684522060714-PAYMENT FROM PH ONE,15128.72,Transfers
12/09/2025,UPI-VIJAY SHREE TRADERS-SURENDRAGOYAL31@ OKSBI-BKID0008860-784663849210-PAYMENT F ROM PHONE,12666.67,Transfers
12/09/2025,UPI-JABIR HUSAIN TAI-9418016427@YBL-SBIN 95347-409707897154-PAYMENT FROM PHONE,13242.58,Transfers
13/09/2025,UPI-CHAAPS N CURRIES-Q810943636@YBL-YESB 0YBLUPI-291324985610-PAYMENT FROM PHONE,263.69,Food & Dining
13/09/2025,UPI-ZEPTO MARKETPLACE PR-ZEPTOMARKETPLAC 792471.RZP@RXAXIS-UTIB0000RZP-134308963135 79-PAYMENT FROM PHONE,356.07,Groceries
13/09/2025,UPI-AIRTEL RECHARGE-AIRTELPREDIRECT1@YBL -YESB0YBLUPI-239733336166-PAYMENT FROM P HONE,59.01,Bills & Utilities
14/09/2025,UPI-BLINKIT-BLINKIT.PAYU@HDFCBANK-HDFC0M ERUPI-763205027877-UPIINTENT,88.16,Food & Dining
14/09/2025,UPI-UBER-8158066788@HDFCBANK HDFC0MERUPI-253422928734-RIDE PAYMENT,292.83,Transport
14/09/2025,UPI-MSBEAUX FASHION-IBKPOS.EP80112@ICIC I-ICIC0000004-403270955364-PAYMENT FROM PHONE,6912.15,Shopping
15/09/2025,UPI-BPCL UFILL 8-PAYTMQR80699677@PAYTM-YE SB0PTMUPI-696575587104-PAYMENT FROM PHON E,1725.45,Transport
15/09/2025,ACH/JIO/RECHARGE/4G PLAN,266.91,Bills & Utilities
15/09/2025,UPI-VIJAY SHREE TRADERS-SURENDRAGOYAL46@ OKSBI-BKID0008860-494933836657-PAYMENT F ROM PHONE,35977.94,Transfers
16/09/2025,UPI-BLINKIT-BLINKIT.PAYU@HDFCBANK-HDFC0M ERUPI-458217357265-UPIINTENT,458.53,Food & Dining
16/09/2025,UPI-OLA CABS-9550038404@PTYBL YESB0PTMUPI-997399372231-AUTO PAYMENT,1531.8,Transport
17/09/2025,UPI-ZEPTO MARKETPLACE PR-ZEPTOMARKETPLAC 673057.RZP@RXAXIS-UTIB0000RZP-446036335615 94-PAYMENT FROM PHONE,795.49,Groceries
17/09/2025,UPI-RAKSHA NYATI-Q935223989@YBL-YESB0YBL UPI-229771204674-PAYMENT FROM PHONE,520.38,Healthcare
17/09/2025,UPI-ETISHA MITTAL-9797587877-5@AXL-UBIN0 975126-150071312492-PAYMENT FROM PHONE,42361.25,Transfers
17/09/2025,UPI-KALA KUNJ KOTA-VYAPAR.835646011709@H DFCBANK-HDFC0MERUPI-447562678336-PAYMENT FROM PHONE,44203.81,Transfers
18/09/2025,UPI-TAKEUFORWARD-TAKEUFORWARD525893.RZP@ RXAIRTEL-AIRP0000011-620637957586-PAYMEN TTOTAKEUFORW,2900.9,Education
18/09/2025,UPI-VIJAY SHREE TRADERS-SURENDRAGOYAL68@ OKSBI-BKID0008860-537198859251-PAYMENT F ROM PHONE,12623.61,Transfers
19/09/2025,UPI-BPCL UFILL 5-PAYTMQR26582137@PAYTM-YE SB0PTMUPI-844165511770-PAYMENT FROM PHON E,896.85,Transport
19/09/2025,UPI-TAKEUFORWARD-TAKEUFORWARD374001.RZP@ RXAIRTEL-AIRP0000011-532786136679-PAYMEN TTOTAKEUFORW,233.03,Education
20/09/2025,UPI-BLINKIT-BLINKIT.PAYU@HDFCBANK-HDFC0M ERUPI-704793045556-UPIINTENT,735.57,Food & Dining
20/09/2025,UPI-JABIR HUSAIN TAI-7843741308@YBL-SBIN 56292-829096967417-PAYMENT FROM PHONE,8153.92,Transfers
21/09/2025,UPI-JAIN GENERAL AND STA-Q514076868@YBL- YESB0YBLUPI-586442493761-PAYMENT FROM PH ONE,1660.48,Groceries
21/09/2025,UPI-M S SUPREME TRANSPOR-SUPREMETRANSPOR T921-4@OKICICI-ICIC7207218-220403127493- PAYMENT FROM PHONE,484.15,Transport
21/09/2025,UPI-MEESHO TECHNOLOGIES -MEESHOONLINEPG@ AXL-UTIB0AXLUPI-493710116460-UPI INTENT,4763.75,Shopping
21/09/2025,UPI-AVIRAL MITTAL-AVIRAL.23@YBL-SBIN003 0057-947335928012-PAYMENT FROM PHONE,21767.89,Transfers
21/09/2025,UPI-SHAILENDRA PRAJAPAT-PAYTM.S62702@PT Y-YESB0MCHUPI-642984241669-PAYMENT FROM PHONE,12739.41,Transfers
22/09/2025,UPI-BLINKIT-PAYTM-BLINKIT@PTYBL-YESB0PTM UPI-792190740550-BLINKIT PAYMENT,815.67,Groceries
24/09/2025,UPI-NETFLIX COM-NETFLIXUPI.PAYU@HDFCBANK -HDFC0MERUPI-645879713081-MONTHLY AUTOPA Y. C,129.98,Food & Dining
24/09/2025,UPI-BPCL UFILL 8-PAYTMQR11283525@PAYTM-YE SB0PTMUPI-349640194420-PAYMENT FROM PHON E,616.36,Transport
24/09/2025,UPI-JABIR HUSAIN TAI-8059482050@YBL-SBIN 92282-657115130948-PAYMENT FROM PHONE,21467.79,Transfers
25/09/2025,UPI-BLINKIT-BLINKIT.PAYU@HDFCBANK-HDFC0M ERUPI-162573249510-UPIINTENT,799.43,Food & Dining
25/09/2025,UPI-NETFLIX COM-NETFLIXUPI.PAYU@HDFCBANK -HDFC0MERUPI-612674962870-MONTHLY AUTOPA Y. C,556.32,Food & Dining
25/09/2025,UPI-BPCL UFILL 6-PAYTMQR84064650@PAYTM-YE SB0PTMUPI-148784205951-PAYMENT FROM PHON E,481.42,Transport
26/09/2025,UPI-ZOMATO LIMITED-ZOMATOFD.PAYU@HDFCBANK K-HDFC0MERUPI-957186936905-UPIINTENT,104.53,Food & Dining
26/09/2025,UPI-AIRTEL RECHARGE-AIRTELPREDIRECT1@AXL -UTIB0AXLUPI-119856073726-PAYMENT FROM P HONE,412.79,Bills & Utilities
26/09/2025,UPI-KALA KUNJ KOTA-VYAPAR.314035132303@H DFCBANK-HDFC0MERUPI-601186083755-PAYMENT FROM PHONE,17356.3,Transfers
27/09/2025,UPI-RAKESH KUMAR SIOTA-SURESHSINGH11-1@O KHDFCBANK-HDFC2572396-848173211552-PAYME NT FROM PHONE,23067.08,Transfers
28/09/2025,UPI-JAIN DAIRY COLDRINKS-Q914346805@YBL- YESB0YBLUPI-476016045226-PAYMENT FROM PH ONE,426.08,Food & Dining
28/09/2025,UPI-APOLLO PHARMACIES LI-SBIPMOPAD.02PYM 155121539923-PAYMENT FROM PHONE,1868.68,Healthcare
28/09/2025,UPI-MAHESH KUMAR MALI-7790601463@YBL-SBI N0030057-196881331715-PAYMENT FROM PHONE,36026.04,Transfers
01/10/2025,UPI-VIJAY JUICE POINT-PAYTM.S25860@PTY- YESB0MCHUPI-335024086835-PAYMENT FROM PH ONE,117.37,Food & Dining
01/10/2025,UPI-LOCAL DHABA-PAYTMQR4132114@PTYS YESB0PTMUPI-843432012035-PAYMENT FROM PHONE,777.31,Food & Dining
01/10/2025,UPI-KWATRA-IBKPOS.EP543455@ICICI-ICIC000 4630-215392791929-PAYMENT FROM PHONE,23891.91,Transfers
01/10/2025,UPI-RAKESH KUMAR BANJARA-KAMLESHPAT32-3@O KHDFCBANK-HDFC4738387-787528737347-PAYME NT FROM PHONE,13142.35,Transfers
02/10/2025,UPI-MEESHO TECHNOLOGIES -MEESHOONLINEPG@ AXL-UTIB0AXLUPI-175634566430-UPI INTENT,4504.24,Shopping
03/10/2025,UPI-ZEPTO MARKETPLACE PR-ZEPTO.PAYU@AXIS BANK-UTIB0000100-905474829283-PAYMENT FR OM PHONE,1535.93,Groceries
03/10/2025,UPI-SHAILENDRA PRAJAPAT-PAYTM.S25919@PT Y-YESB0MCHUPI-338530524429-PAYMENT FROM PHONE,28949.97,Transfers
04/10/2025,UPI-DHOLPUR GAJAK AND BA-PAYTMQR5140374@P TYS-YESB0PTMUPI-391779700472-PAYMENT FRO M PHONE,419.55,Food & Dining
05/10/2025,UPI-ZOMATO LIMITED-ZOMATOFD.PAYU@HDFCBANK K-HDFC0MERUPI-345468861804-UPIINTENT,301.62,Food & Dining
05/10/2025,UPI-FLIPKART PAYMENTS-PAYTM-87168016@PTY BL-YESB0PTMUPI-683885870927-EXPRESS,3047.4,Shopping
06/10/2025,UPI-DELHI WATCH ELECTR-GPAY-3453105305 53@OKBIZAXIS-UTIB0000553-906383384810-PAY MENT FROM PHONE,6982.03,Shopping
06/10/2025,UPI-KWATRA-IBKPOS.EP674094@ICICI-ICIC000 3679-767648153444-PAYMENT FROM PHONE,29058.25,Transfers
07/10/2025,UPI-JABIR HUSAIN TAI-7547552599@YBL-SBIN 16109-773549706120-PAYMENT FROM PHONE,20513.94,Transfers
08/10/2025,UPI-AVIRAL MITTAL-AVIRAL.23@YBL-SBIN003 0057-222567762141-PAYMENT FROM PHONE,27772.86,Transfers
09/10/2025,UPI-BLINKIT-PAYTM-BLINKIT@PTYBL-YESB0PTM UPI-146275625038-BLINKIT PAYMENT,2842.64,Groceries
09/10/2025,UPI-FLIPKART PAYMENTS-PAYTM-86795549@PTY BL-YESB0PTMUPI-746420292735-PAYMENT FROM PHONE,741.81,Shopping
09/10/2025,UPI-MSBHUMI JUNCTION NX-EAZYPAY.ZKIAW36C 6SND4LR@ICICI-ICIC0DC0099-886782062615-P AYMENT FROM PHONE,169.18,Bills & Utilities
09/10/2025,UPI-SHREERAM STATIONERY -Q73793690@YBL-B KID2784776-554656510519-PAYMENT FROM PHO NE,4771.54,Education
09/10/2025,UPI-JABIR HUSAIN TAI-7217514899@YBL-SBIN 36819-122576425033-PAYMENT FROM PHONE,31210.25,Transfers
10/10/2025,UPI-OLA CABS-9333316440@PTYBL YESB0PTMUPI-781216590123-AUTO PAYMENT,1917.08,Transport
10/10/2025,ACH/HDFC MF/SIP/EQUITY FUND,2617.67,Investment
11/10/2025,UPI-BLINKIT-BLINKIT.PAYU@HDFCBANK-HDFC0M ERUPI-348301513941-UPIINTENT,505.69,Food & Dining
11/10/2025,UPI-IRCTC RAIL APP-IRCTCPGONLINE@AXL-UTI B0AXLUPI-954640913841-PAYMENT FOR 100006,1242.2,Transport
11/10/2025,UPI-TAKEUFORWARD-TAKEUFORWARD387827.RZP@ RXAIRTEL-AIRP0000011-879437623152-PAYMEN TTOTAKEUFORW,5790.5,Education
11/10/2025,UPI-ETISHA MITTAL-7283755831-5@AXL-UBIN0 832433-776162305400-PAYMENT FROM PHONE,1255.42,Transfers
12/10/2025,UPI-OLA CABS-8190640453@PTYBL YESB0PTMUPI-602355871029-AUTO PAYMENT,1974.36,Transport
13/10/2025,UPI-VIJAY JUICE POINT-PAYTM.S45324@PTY- YESB0MCHUPI-422537181821-PAYMENT FROM PH ONE,720.95,Food & Dining
13/10/2025,UPI-VIJAY JUICE POINT-PAYTM.S60447@PTY- YESB0MCHUPI-546503974446-PAYMENT FROM PH ONE,252.18,Food & Dining
13/10/2025,UPI-DHOLPUR GAJAK AND BA-PAYTMQR8453773@P TYS-YESB0PTMUPI-350955063939-PAYMENT FRO M PHONE,381.78,Food & Dining
13/10/2025,UPI-OLA CABS-7304444842@PTYBL YESB0PTMUPI-283572286710-AUTO PAYMENT,169.64,Transport
13/10/2025,ACH/JIO/RECHARGE/4G PLAN,292.36,Bills & Utilities
13/10/2025,ACH/HDFC MF/SIP/EQUITY FUND,3304.46,Investment
14/10/2025,UPI-SWIGGY-9906543044@HDFCBANK-HDFC0MERUP I-629541416899-SWIGGY FOOD,554.64,Food & Dining
14/10/2025,UPI-FLIPKART PAYMENTS-PAYTM-84327143@PTY BL-YESB0PTMUPI-755970626424-EXPRESS,846.12,Shopping
14/10/2025,NACH/BAJAJ FINANCE/EMI DEBIT,19713.64,EMI & Loans
15/10/2025,UPI-SWIGGY-8119642012@HDFCBANK-HDFC0MERUP I-477064698057-SWIGGY FOOD,552.58,Food & Dining
15/10/2025,UPI-KALA KUNJ KOTA-VYAPAR.283308124045@H DFCBANK-HDFC0MERUPI-314786207984-PAYMENT FROM PHONE,6874.8,Shopping
15/10/2025,UPI-KALA KUNJ KOTA-VYAPAR.693806170463@H DFCBANK-HDFC0MERUPI-506449770218-PAYMENT FROM PHONE,11958.58,Transfers
15/10/2025,UPI-MAHESH KUMAR MALI-9169799271@YBL-SBI N0030057-444995597016-PAYMENT FROM PHONE,38954.78,Transfers
16/10/2025,UPI-BLINKIT-PAYTM-BLINKIT@PTYBL-YESB0PTM UPI-521360033839-BLINKIT PAYMENT,62.37,Food & Dining
16/10/2025,UPI-BLINKIT-PAYTM-BLINKIT@PTYBL-YESB0PTM UPI-882855672672-BLINKIT PAYMENT,742.68,Groceries
16/10/2025,UPI-SAMRIYA KIRANA STORE-VYAPAR.25653524 5847@HDFCBANK-HDFC0MERUPI-383614662686-P AYMENT FROM PHONE,2679.91,Groceries
16/10/2025,UPI-IRCTC RAIL APP-IRCTCPGONLINE@AXL-UTI B0AXLUPI-830860036521-PAYMENT FOR 100006,268.8,Transport
16/10/2025,UPI-FLIPKART PAYMENTS-PAYTM-34879789@PTY BL-YESB0PTMUPI-218755274787-PAYMENT FROM PHONE,916.66,Shopping
16/10/2025,UPI-SHAILENDRA PRAJAPAT-PAYTM.S38221@PT Y-YESB0MCHUPI-797656092295-PAYMENT FROM PHONE,9258.31,Transfers
16/10/2025,UPI-VIJAY SHREE TRADERS-SURENDRAGOYAL54@ OKSBI-BKID0008860-695100585866-PAYMENT F ROM PHONE,17733.5,Transfers
16/10/2025,UPI-SHAILENDRA PRAJAPAT-PAYTM.S96995@PT Y-YESB0MCHUPI-230228813261-PAYMENT FROM PHONE,314.45,Transfers
18/10/2025,UPI-BPCL UFILL 7-PAYTMQR22532547@PAYTM-YE SB0PTMUPI-674504606906-PAYMENT FROM PHON E,1508.95,Transport
18/10/2025,UPI-AIRTEL RECHARGE-AIRTELPREDIRECT2@AXL -UTIB0AXLUPI-617867717077-PAYMENT FROM P HONE,765.17,Bills & Utilities
18/10/2025,ACH/JIO/RECHARGE/4G PLAN,401.54,Bills & Utilities
19/10/2025,UPI-APOLLO PHARMACIES LI-SBIPMOPAD.02PYM 619370058760-PAYMENT FROM PHONE,1267.78,Healthcare
20/10/2025,UPI-BLINKIT-BLINKIT.PAYU@HDFCBANK-HDFC0M ERUPI-766092323833-UPIINTENT,714.75,Food & Dining
20/10/2025,UPI-IRCTC RAIL APP-IRCTCPGONLINE@YBL-YES B0YBLUPI-740069942428-PAYMENT FOR 100006,1309.63,Transport
20/10/2025,UPI-OLA CABS-7081011888@PTYBL YESB0PTMUPI-143232777004-AUTO PAYMENT,225.27,Transport
21/10/2025,UPI-SHAILENDRA PRAJAPAT-PAYTM.S11520@PT Y-YESB0MCHUPI-839540678193-PAYMENT FROM PHONE,27708.26,Transfers
22/10/2025,UPI-BIGBASKET-9579773363@HDFCBANK HDFC0MERUPI-402560779837-GROCERY ORDER,361.92,Groceries
22/10/2025,UPI-ETISHA MITTAL-7492986152-1@AXL-UBIN0 384555-659896724912-PAYMENT FROM PHONE,3180.08,Transfers
22/10/2025,UPI-JABIR HUSAIN TAI-7794606792@YBL-SBIN 27902-602829490086-PAYMENT FROM PHONE,12633.47,Transfers
22/10/2025,UPI-ETISHA MITTAL-8641794166-2@AXL-UBIN0 185636-959062357787-PAYMENT FROM PHONE,29325.52,Transfers
23/10/2025,UPI-LOCAL DHABA-PAYTMQR2290224@PTYS YESB0PTMUPI-412571769482-PAYMENT FROM PHONE,525.31,Food & Dining
23/10/2025,UPI-IRCTC RAIL APP-IRCTCPGONLINE@YBL-YES B0YBLUPI-823406856714-PAYMENT FOR 100006,249.15,Transport
23/10/2025,UPI-SHAILENDRA PRAJAPAT-PAYTM.S72703@PT Y-YESB0MCHUPI-302904877322-PAYMENT FROM PHONE,12271.37,Transfers
23/10/2025,UPI-MAHESH KUMAR MALI-9192859643@YBL-SBI N0030057-928777350192-PAYMENT FROM PHONE,36731.31,Transfers
23/10/2025,UPI-RAKESH KUMAR SIOTA-RAKESHSIOTA77-4@O KHDFCBANK-HDFC6253057-395975199268-PAYME NT FROM PHONE,1865.83,Transfers
24/10/2025,UPI-CHAAYOS-7727499463@HDFCBANK HDFC0MERUPI-381900167352-PAYMENT FROM PHONE,313.77,Food & Dining
24/10/2025,UPI-RAJ MEDICAL STORES-GPAY-80010713330@ OKBIZAXIS-UTIB0000553-405677276554-PAYME NT FROM PHONE,1147.13,Healthcare
25/10/2025,UPI-ZOMATO-PAYZOMATO@HDFCBANK-HDFC0MERUP I-129750337583-PAYMENT FROM PHONE,428.45,Food & Dining
25/10/2025,UPI-IRCTC RAIL APP-IRCTCPGONLINE@YBL-YES B0YBLUPI-786438773238-PAYMENT FOR 100006,1634.26,Transport
25/10/2025,UPI-EKART-EKART2.PAYU@AXISBANK-UTIB00001 00-779734018464-UPIQR,1031.42,Shopping
25/10/2025,UPI-DHAKAD ELECTRICALS-MAB.2565390616 86@AXISBANK-UTIB0000100-259784430624-PAY MENT FROM PHONE,1441.55,Shopping
25/10/2025,UPI-SHAILENDRA PRAJAPAT-PAYTM.S22705@PT Y-YESB0MCHUPI-926829862456-PAYMENT FROM PHONE,40770.47,Transfers
26/10/2025,UPI-BLINKIT-BLINKIT.PAYU@HDFCBANK-HDFC0M ERUPI-487161611474-UPIINTENT,719.22,Food & Dining
27/10/2025,UPI-NETFLIX COM-NETFLIXUPI.PAYU@HDFCBANK -HDFC0MERUPI-281778059275-MONTHLY AUTOPA Y. C,779.98,Food & Dining
28/10/2025,UPI-BLINKIT-PAYTM-BLINKIT@PTYBL-YESB0PTM UPI-161121021824-BLINKIT PAYMENT,2407.63,Groceries
28/10/2025,UPI-AIRTEL RECHARGE-AIRTELPREDIRECT3@YBL -YESB0YBLUPI-194886788726-PAYMENT FROM P HONE,1799.21,Bills & Utilities
28/10/2025,UPI-KALA KUNJ KOTA-VYAPAR.904005505001@H DFCBANK-HDFC0MERUPI-202394459735-PAYMENT FROM PHONE,37388.11,Transfers
01/11/2025,UPI-NETFLIX COM-NETFLIXUPI.PAYU@HDFCBANK -HDFC0MERUPI-209912527064-MONTHLY AUTOPA Y. C,597.53,Food & Dining
03/11/2025,UPI-SWIGGY-9948978087@HDFCBANK-HDFC0MERUP I-287964517293-SWIGGY FOOD,680.12,Food & Dining
03/11/2025,UPI-SWIGGY-9340933280@HDFCBANK-HDFC0MERUP I-960316344123-SWIGGY FOOD,444.93,Food & Dining
03/11/2025,UPI-OLA CABS-7452220776@PTYBL YESB0PTMUPI-639921046823-AUTO PAYMENT,865.18,Transport
03/11/2025,UPI-VIJAY SHREE TRADERS-SURENDRAGOYAL61@ OKSBI-BKID0008860-377730659266-PAYMENT F ROM PHONE,33209.68,Transfers
04/11/2025,UPI-JAIN GENERAL AND STA-Q444643326@YBL- YESB0YBLUPI-668970602981-PAYMENT FROM PH ONE,2291.89,Groceries
04/11/2025,UPI-MAHESH KUMAR MALI-7242935822@YBL-SBI N0030057-640497017566-PAYMENT FROM PHONE,24068.11,Transfers
05/11/2025,UPI-FLIPKART PAYMENTS-PAYTM-28913779@PTY BL-YESB0PTMUPI-902656907681-PAYMENT FROM PHONE,2280.16,Shopping
05/11/2025,UPI-DHAKAD ELECTRICALS-MAB.9891612770 89@AXISBANK-UTIB0000100-172019967503-PAY MENT FROM PHONE,1938.7,Shopping
05/11/2025,UPI-EKART-EKART2.PAYU@AXISBANK-UTIB00001 00-166829319914-UPIQR,5229.89,Shopping
06/11/2025,UPI-EKART-EKART2.PAYU@AXISBANK-UTIB00001 00-363098829877-UPIQR,4212.96,Shopping
06/11/2025,UPI-EKART-EKART2.PAYU@AXISBANK-UTIB00001 00-725588334968-UPIQR,3935.55,Shopping
06/11/2025,UPI-MR SIDDHARTH CHHABR-Q308548913@YBL-217880192352 YESB0YBLUPI-470212121189-PAYMENT FROM PH ONE,21424.31,Transfers
06/11/2025,UPI-SHAILENDRA PRAJAPAT-PAYTM.S22948@PT Y-YESB0MCHUPI-920884180457-PAYMENT FROM PHONE,576.47,Transfers
06/11/2025,UPI-DINESH KUMAR PATIDA-SURESHSINGH39-1@O KHDFCBANK-HDFC6996636-586674174530-PAYME NT FROM PHONE,19177.85,Transfers
06/11/2025,UPI-KALA KUNJ KOTA-VYAPAR.328230062216@H DFCBANK-HDFC0MERUPI-549116033287-PAYMENT FROM PHONE,40894.97,Transfers
07/11/2025,UPI-AMAZON PAY-7558048482@AMAZON UTIB0000100-622335636772-ORDER PAYMENT,3376.79,Shopping
07/11/2025,UPI-EKART-EKART@YBL-YESB0YBLUPI-17282906 3750-PAYMENT FOR REFCL4,5263.78,Shopping
09/11/2025,UPI-NETFLIX COM-NETFLIXUPI.PAYU@HDFCBANK -HDFC0MERUPI-698245269228-MONTHLY AUTOPA Y. C,565.9,Food & Dining
09/11/2025,UPI-ZEPTO MARKETPLACE PR-ZEPTOMARKETPLAC 911149.RZP@RXAXIS-UTIB0000RZP-333913391232 73-PAYMENT FROM PHONE,2821.94,Groceries
10/11/2025,UPI-UBER-9372068096@HDFCBANK HDFC0MERUPI-155732254040-RIDE PAYMENT,773.04,Transport
11/11/2025,UPI-BLINKIT-PAYTM-BLINKIT@PTYBL-YESB0PTM UPI-649688944814-BLINKIT PAYMENT,2047.22,Groceries
11/11/2025,UPI-IRCTC RAIL APP-IRCTCPGONLINE@AXL-UTI B0AXLUPI-721452193563-PAYMENT FOR 100006,655.77,Transport
11/11/2025,UPI-EKART-EKART2.PAYU@AXISBANK-UTIB00001 00-487321906108-UPIQR,2527.0,Shopping
12/11/2025,UPI-NETFLIX COM-NETFLIXUPI.PAYU@HDFCBANK -HDFC0MERUPI-435564712911-MONTHLY AUTOPA Y. C,615.74,Food & Dining
13/11/2025,UPI-VIJAY JUICE POINT-PAYTM.S32930@PTY- YESB0MCHUPI-168462383300-PAYMENT FROM PH ONE,346.7,Food & Dining
13/11/2025,UPI-RAVI CARPENTER-8257314149@YBL-SBIN0 98482-889141065678-PAYMENT FROM PHONE,1371.21,Transport
13/11/2025,UPI-AMAZON PAY-7856506811@AMAZON UTIB0000100-982767399921-ORDER PAYMENT,2635.26,Shopping
13/11/2025,NACH/BAJAJ FINANCE/EMI DEBIT,19936.07,EMI & Loans
14/11/2025,UPI-IRCTC RAIL APP-IRCTCPGONLINE@YBL-YES B0YBLUPI-261065744552-PAYMENT FOR 100006,1612.68,Transport
14/11/2025,UPI-TAKEUFORWARD-TAKEUFORWARD950238.RZP@ RXAIRTEL-AIRP0000011-231896534996-PAYMEN TTOTAKEUFORW,4465.19,Education
14/11/2025,UPI-SHAILENDRA PRAJAPAT-PAYTM.S49683@PT Y-YESB0MCHUPI-813197480872-PAYMENT FROM PHONE,17566.35,Transfers
14/11/2025,UPI-KWATRA-IBKPOS.EP912649@ICICI-ICIC000 9253-783984402809-PAYMENT FROM PHONE,2508.53,Transfers
15/11/2025,UPI-ZOMATO-PAYZOMATO@HDFCBANK-HDFC0MERUP I-963038558471-PAYMENT FROM PHONE,702.84,Food & Dining
15/11/2025,UPI-AIRTEL RECHARGE-AIRTELPREDIRECT3@AXL -UTIB0AXLUPI-701266807763-PAYMENT FROM P HONE,1035.46,Bills & Utilities
15/11/2025,UPI-APOLLO PHARMACIES LI-SBIPMOPAD.02PYM 369247741143-PAYMENT FROM PHONE,392.76,Healthcare
16/11/2025,UPI-BLINKIT-BLINKIT.PAYU@HDFCBANK-HDFC0M ERUPI-568702366329-UPIINTENT,248.56,Food & Dining
16/11/2025,UPI-JAIN DAIRY COLDRINKS-Q908118790@YBL- YESB0YBLUPI-322086215489-PAYMENT FROM PH ONE,466.49,Food & Dining
16/11/2025,UPI-BLINKIT-PAYTM-BLINKIT@PTYBL-YESB0PTM UPI-422516793815-BLINKIT PAYMENT,2761.3,Groceries
16/11/2025,UPI-BPCL UFILL 5-PAYTMQR39346387@PAYTM-YE SB0PTMUPI-480856370225-PAYMENT FROM PHON E,1112.8,Transport
16/11/2025,UPI-KALA KUNJ KOTA-VYAPAR.540759822522@H DFCBANK-HDFC0MERUPI-460918533861-PAYMENT FROM PHONE,34506.74,Transfers
17/11/2025,UPI-CHAAYOS-7288036615@HDFCBANK HDFC0MERUPI-646594078597-PAYMENT FROM PHONE,228.86,Food & Dining
17/11/2025,UPI-RAVI CARPENTER-9705868568@YBL-SBIN0 41283-794598142911-PAYMENT FROM PHONE,479.08,Transport
17/11/2025,UPI-VIJAY SHREE TRADERS-SURENDRAGOYAL75@ OKSBI-BKID0008860-844269516365-PAYMENT F ROM PHONE,27631.08,Transfers
17/11/2025,UPI-MR SIDDHARTH CHHABR-Q886260976@YBL-495905616395 YESB0YBLUPI-471170103099-PAYMENT FROM PH ONE,32272.03,Transfers
20/11/2025,UPI-AIRTEL RECHARGE-AIRTELPREDIRECT2@AXL -UTIB0AXLUPI-604721697720-PAYMENT FROM P HONE,1186.18,Bills & Utilities
20/11/2025,UPI-VIJAY SHREE TRADERS-SURENDRAGOYAL70@ OKSBI-BKID0008860-241007151986-PAYMENT F ROM PHONE,43541.47,Transfers
21/11/2025,UPI-ZOMATO LIMITED-ZOMATOFD.PAYU@HDFCBANK K-HDFC0MERUPI-536579498700-UPIINTENT,712.71,Food & Dining
21/11/2025,UPI-OLA CABS-7259756656@PTYBL YESB0PTMUPI-166727007944-AUTO PAYMENT,1151.93,Transport
21/11/2025,UPI-BPCL UFILL 6-PAYTMQR66775875@PAYTM-YE SB0PTMUPI-506934350376-PAYMENT FROM PHON E,1637.56,Transport
21/11/2025,UPI-KALA KUNJ KOTA-VYAPAR.444212325955@H DFCBANK-HDFC0MERUPI-627321040431-PAYMENT FROM PHONE,7131.87,Transfers
22/11/2025,UPI-EKART-EKART2.PAYU@AXISBANK-UTIB00001 00-547053667150-UPIQR,2997.78,Shopping
22/11/2025,UPI-RAKESH KUMAR PATIDA-KAMLESHPAT59-2@O KHDFCBANK-HDFC6707734-676650687317-PAYME NT FROM PHONE,23993.71,Transfers
23/11/2025,UPI-ZOMATO LIMITED-ZOMATOFD.PAYU@HDFCBANK K-HDFC0MERUPI-589336217411-UPIINTENT,415.73,Food & Dining
23/11/2025,UPI-ZEPTO MARKETPLACE PR-ZEPTO.PAYU@AXIS BANK-UTIB0000100-742679423479-PAYMENT FR OM PHONE,2881.14,Groceries
23/11/2025,UPI-APOLLO PHARMACIES LI-SBIPMOPAD.02PYM 333140715050-PAYMENT FROM PHONE,392.39,Healthcare
23/11/2025,UPI-APOLLO PHARMACIES LI-SBIPMOPAD.02PYM 803616521795-PAYMENT FROM PHONE,1222.0,Healthcare
23/11/2025,UPI-SRN PRINTERS-BHARATPE.37679280900@FB PE-FDRL0001382-867069485767-PAY TO BHARA TPE ME,1148.12,Education
24/11/2025,UPI-BPCL UFILL 5-PAYTMQR65829013@PAYTM-YE SB0PTMUPI-671342969441-PAYMENT FROM PHON E,1084.14,Transport
24/11/2025,UPI-JABIR HUSAIN TAI-7386987341@YBL-SBIN 27383-160540055804-PAYMENT FROM PHONE,38318.99,Transfers
25/11/2025,UPI-CHAAYOS-9669227679@HDFCBANK HDFC0MERUPI-723473847461-PAYMENT FROM PHONE,783.67,Food & Dining
25/11/2025,UPI-RAVI CARPENTER-9813364464@YBL-SBIN0 42300-517330914027-PAYMENT FROM PHONE,1305.44,Transport
26/11/2025,UPI-ZERODHA-7170157656@ZERODHA,5766.38,Investment
27/11/2025,BBPS/BESCOM/ELECTRICITY/BILL PAY,986.45,Bills & Utilities
27/11/2025,UPI-SHAILENDRA PRAJAPAT-PAYTM.S27894@PT Y-YESB0MCHUPI-747803535725-PAYMENT FROM PHONE,13186.72,Transfers
27/11/2025,UPI-AVIRAL MITTAL-AVIRAL.23@YBL-SBIN003 0057-393424879815-PAYMENT FROM PHONE,20159.39,Transfers
28/11/2025,UPI-SAMRIYA KIRANA STORE-VYAPAR.22673668 9277@HDFCBANK-HDFC0MERUPI-649834843761-P AYMENT FROM PHONE,1823.39,Groceries
28/11/2025,UPI-AIRTEL RECHARGE-AIRTELPREDIRECT1@AXL -UTIB0AXLUPI-629932203656-PAYMENT FROM P HONE,80.14,Bills & Utilities
28/11/2025,UPI-JABIR HUSAIN TAI-8146510994@YBL-SBIN 78266-474511807382-PAYMENT FROM PHONE,31225.17,Transfers
